NOMBRE_DEPARTAMENTO,NOMBRE_PROVINCIA,NOMBRE_DISTRITO,CODIGO_UBIGEO,CODIGO_DEPARTAMENTO,CODIGO_PROVINCIA,CODIGO_DISTRITO
AMAZONAS,CHACHAPOYAS,CHACHAPOYAS,010101,01,07,01
AMAZONAS,CHACHAPOYAS,ASUNCION,010102,01,06,01
AMAZONAS,CHACHAPOYAS,BALSAS,010103,01,05,01
AMAZONAS,CHACHAPOYAS,CHETO,010104,01,03,01
AMAZONAS,CHACHAPOYAS,CHILIQUIN,010105,01,02,01
AMAZONAS,CHACHAPOYAS,CHUQUIBAMBA,010106,01,01,01
AMAZONAS,CHACHAPOYAS,GRANADA,010107,01,04,01
AMAZONAS,CHACHAPOYAS,HUANCAS,010108,01,01,02
AMAZONAS,CHACHAPOYAS,LA JALCA,010109,01,07,02
AMAZONAS,CHACHAPOYAS,LEIMEBAMBA,010110,01,06,02
AMAZONAS,CHACHAPOYAS,LEVANTO,010111,01,05,02
AMAZONAS,CHACHAPOYAS,MAGDALENA,010112,01,03,02
AMAZONAS,CHACHAPOYAS,MARISCAL CASTILLA,010113,01,04,02
AMAZONAS,CHACHAPOYAS,MOLINOPAMPA,010114,01,02,02
AMAZONAS,CHACHAPOYAS,MONTEVIDEO,010115,01,05,03
AMAZONAS,CHACHAPOYAS,OLLEROS,010116,01,04,03
AMAZONAS,CHACHAPOYAS,QUINJALCA,010117,01,02,03
AMAZONAS,CHACHAPOYAS,SAN FRANCISCO DE DAGUAS,010118,01,07,03
AMAZONAS,CHACHAPOYAS,SAN ISIDRO DE MAINO,010119,01,06,03
AMAZONAS,CHACHAPOYAS,SOLOCO,010120,01,01,03
AMAZONAS,CHACHAPOYAS,SONCHE,010121,01,03,03
AMAZONAS,BAGUA,BAGUA,010201,01,07,04
AMAZONAS,BAGUA,ARAMANGO,010202,01,05,04
AMAZONAS,BAGUA,COPALLIN,010203,01,06,04
AMAZONAS,BAGUA,EL PARCO,010204,01,01,04
AMAZONAS,BAGUA,IMAZA,010205,01,03,04
AMAZONAS,BAGUA,LA PECA,010206,01,02,04
AMAZONAS,BONGARA,JUMBILLA,010301,01,06,05
AMAZONAS,BONGARA,CHISQUILLA,010302,01,02,05
AMAZONAS,BONGARA,CHURUJA,010303,01,01,05
AMAZONAS,BONGARA,COROSHA,010304,01,05,05
AMAZONAS,BONGARA,CUISPES,010305,01,03,05
AMAZONAS,BONGARA,FLORIDA,010306,01,07,05
AMAZONAS,BONGARA,JAZAN,010307,01,06,06
AMAZONAS,BONGARA,RECTA,010308,01,02,06
AMAZONAS,BONGARA,SAN CARLOS,010309,01,07,06
AMAZONAS,BONGARA,SHIPASBAMBA,010310,01,01,06
AMAZONAS,BONGARA,VALERA,010311,01,05,06
AMAZONAS,BONGARA,YAMBRASBAMBA,010312,01,03,06
AMAZONAS,CONDORCANQUI,NIEVA,010401,01,03,07
AMAZONAS,CONDORCANQUI,EL CENEPA,010402,01,05,07
AMAZONAS,CONDORCANQUI,RIO SANTIAGO,010403,01,07,07
AMAZONAS,LUYA,LAMUD,010501,01,01,07
AMAZONAS,LUYA,CAMPORREDONDO,010502,01,06,07
AMAZONAS,LUYA,COCABAMBA,010503,01,06,08
AMAZONAS,LUYA,COLCAMAR,010504,01,03,08
AMAZONAS,LUYA,CONILA,010505,01,05,08
AMAZONAS,LUYA,INGUILPATA,010506,01,01,08
AMAZONAS,LUYA,LONGUITA,010507,01,06,09
AMAZONAS,LUYA,LONYA CHICO,010508,01,03,09
AMAZONAS,LUYA,LUYA,010509,01,01,09
AMAZONAS,LUYA,LUYA VIEJO,010510,01,05,09
AMAZONAS,LUYA,MARIA,010511,01,05,10
AMAZONAS,LUYA,OCALLI,010512,01,01,10
AMAZONAS,LUYA,OCUMAL,010513,01,03,10
AMAZONAS,LUYA,PISUQUIA,010514,01,06,10
AMAZONAS,LUYA,PROVIDENCIA,010515,01,05,11
AMAZONAS,LUYA,SAN CRISTOBAL,010516,01,03,11
AMAZONAS,LUYA,SAN FRANCISCO DEL YESO,010517,01,06,11
AMAZONAS,LUYA,SAN JERONIMO,010518,01,01,11
AMAZONAS,LUYA,SAN JUAN DE LOPECANCHA,010519,01,06,12
AMAZONAS,LUYA,SANTA CATALINA,010520,01,05,12
AMAZONAS,LUYA,SANTO TOMAS,010521,01,01,12
AMAZONAS,LUYA,TINGO,010522,01,03,12
AMAZONAS,LUYA,TRITA,010523,01,05,13
AMAZONAS,RODRIGUEZ DE MENDOZA,SAN NICOLAS,010601,01,01,13
AMAZONAS,RODRIGUEZ DE MENDOZA,CHIRIMOTO,010602,01,05,14
AMAZONAS,RODRIGUEZ DE MENDOZA,COCHAMAL,010603,01,01,14
AMAZONAS,RODRIGUEZ DE MENDOZA,HUAMBO,010604,01,01,15
AMAZONAS,RODRIGUEZ DE MENDOZA,LIMABAMBA,010605,01,05,15
AMAZONAS,RODRIGUEZ DE MENDOZA,LONGAR,010606,01,05,16
AMAZONAS,RODRIGUEZ DE MENDOZA,MARISCAL BENAVIDES,010607,01,01,16
AMAZONAS,RODRIGUEZ DE MENDOZA,MILPUC,010608,01,01,17
AMAZONAS,RODRIGUEZ DE MENDOZA,OMIA,010609,01,05,17
AMAZONAS,RODRIGUEZ DE MENDOZA,SANTA ROSA,010610,01,05,18
AMAZONAS,RODRIGUEZ DE MENDOZA,TOTORA,010611,01,01,18
AMAZONAS,RODRIGUEZ DE MENDOZA,VISTA ALEGRE,010612,01,01,19
AMAZONAS,UTCUBAMBA,BAGUA GRANDE,010701,01,05,19
AMAZONAS,UTCUBAMBA,CAJARURO,010702,01,01,20
AMAZONAS,UTCUBAMBA,CUMBA,010703,01,05,20
AMAZONAS,UTCUBAMBA,EL MILAGRO,010704,01,05,21
AMAZONAS,UTCUBAMBA,JAMALCA,010705,01,01,21
AMAZONAS,UTCUBAMBA,LONYA GRANDE,010706,01,05,22
AMAZONAS,UTCUBAMBA,YAMON,010707,01,05,23
ANCASH,HUARAZ,HUARAZ,020101,02,17,01
ANCASH,HUARAZ,COCHABAMBA,020102,02,16,01
ANCASH,HUARAZ,COLCABAMBA,020103,02,18,01
ANCASH,HUARAZ,HUANCHAY,020104,02,09,01
ANCASH,HUARAZ,INDEPENDENCIA,020105,02,19,01
ANCASH,HUARAZ,JANGAS,020106,02,10,01
ANCASH,HUARAZ,LA LIBERTAD,020107,02,14,01
ANCASH,HUARAZ,OLLEROS,020108,02,13,01
ANCASH,HUARAZ,PAMPAS,020109,02,12,01
ANCASH,HUARAZ,PARIACOTO,020110,02,11,01
ANCASH,HUARAZ,PIRA,020111,02,15,01
ANCASH,HUARAZ,TARICA,020112,02,01,01
ANCASH,AIJA,AIJA,020201,02,02,01
ANCASH,AIJA,CORIS,020202,02,07,01
ANCASH,AIJA,HUACLLAN,020203,02,05,01
ANCASH,AIJA,LA MERCED,020204,02,03,01
ANCASH,AIJA,SUCCHA,020205,02,06,01
ANCASH,ANTONIO RAYMONDI,LLAMELLIN,020301,02,04,01
ANCASH,ANTONIO RAYMONDI,ACZO,020302,02,20,01
ANCASH,ANTONIO RAYMONDI,CHACCHO,020303,02,08,01
ANCASH,ANTONIO RAYMONDI,CHINGAS,020304,02,12,02
ANCASH,ANTONIO RAYMONDI,MIRGAS,020305,02,16,02
ANCASH,ANTONIO RAYMONDI,SAN JUAN DE RONTOY,020306,02,18,02
ANCASH,ASUNCION,CHACAS,020401,02,19,02
ANCASH,ASUNCION,ACOCHACA,020402,02,11,02
ANCASH,BOLOGNESI,CHIQUIAN,020501,02,17,02
ANCASH,BOLOGNESI,ABELARDO PARDO LEZAMETA,020502,02,20,02
ANCASH,BOLOGNESI,ANTONIO RAYMONDI,020503,02,14,02
ANCASH,BOLOGNESI,AQUIA,020504,02,13,02
ANCASH,BOLOGNESI,CAJACAY,020505,02,15,02
ANCASH,BOLOGNESI,CANIS,020506,02,08,02
ANCASH,BOLOGNESI,COLQUIOC,020507,02,06,02
ANCASH,BOLOGNESI,HUALLANCA,020508,02,07,02
ANCASH,BOLOGNESI,HUASTA,020509,02,01,02
ANCASH,BOLOGNESI,HUAYLLACAYAN,020510,02,09,02
ANCASH,BOLOGNESI,LA PRIMAVERA,020511,02,05,02
ANCASH,BOLOGNESI,MANGAS,020512,02,03,02
ANCASH,BOLOGNESI,PACLLON,020513,02,04,02
ANCASH,BOLOGNESI,SAN MIGUEL DE CORPANQUI,020514,02,02,02
ANCASH,BOLOGNESI,TICLLOS,020515,02,10,02
ANCASH,CARHUAZ,CARHUAZ,020601,02,17,03
ANCASH,CARHUAZ,ACOPAMPA,020602,02,10,03
ANCASH,CARHUAZ,AMASHCA,020603,02,09,03
ANCASH,CARHUAZ,ANTA,020604,02,16,03
ANCASH,CARHUAZ,ATAQUERO,020605,02,15,03
ANCASH,CARHUAZ,MARCARA,020606,02,14,03
ANCASH,CARHUAZ,PARIAHUANCA,020607,02,05,03
ANCASH,CARHUAZ,SAN MIGUEL DE ACO,020608,02,20,03
ANCASH,CARHUAZ,SHILLA,020609,02,07,03
ANCASH,CARHUAZ,TINCO,020610,02,02,03
ANCASH,CARHUAZ,YUNGAR,020611,02,03,03
ANCASH,CARLOS F. FITZCARRALD,SAN LUIS,020701,02,01,03
ANCASH,CARLOS F. FITZCARRALD,SAN NICOLAS,020702,02,18,03
ANCASH,CARLOS F. FITZCARRALD,YAUYA,020703,02,19,03
ANCASH,CASMA,CASMA,020801,02,08,03
ANCASH,CASMA,BUENA VISTA ALTA,020802,02,11,03
ANCASH,CASMA,COMANDANTE NOEL,020803,02,06,03
ANCASH,CASMA,YAUTAN,020804,02,12,03
ANCASH,CORONGO,CORONGO,020901,02,13,03
ANCASH,CORONGO,ACO,020902,02,12,04
ANCASH,CORONGO,BAMBAS,020903,02,08,04
ANCASH,CORONGO,CUSCA,020904,02,05,04
ANCASH,CORONGO,LA PAMPA,020905,02,17,04
ANCASH,CORONGO,YANAC,020906,02,09,04
ANCASH,CORONGO,YUPAN,020907,02,16,04
ANCASH,HUARI,HUARI,021001,02,18,04
ANCASH,HUARI,ANRA,021002,02,20,04
ANCASH,HUARI,CAJAY,021003,02,03,04
ANCASH,HUARI,CHAVIN DE HUANTAR,021004,02,02,04
ANCASH,HUARI,HUACACHI,021005,02,06,04
ANCASH,HUARI,HUACCHIS,021006,02,11,04
ANCASH,HUARI,HUACHIS,021007,02,19,04
ANCASH,HUARI,HUANTAR,021008,02,01,04
ANCASH,HUARI,MASIN,021009,02,13,04
ANCASH,HUARI,PAUCAS,021010,02,15,04
ANCASH,HUARI,PONTO,021011,02,14,04
ANCASH,HUARI,RAHUAPAMPA,021012,02,10,04
ANCASH,HUARI,RAPAYAN,021013,02,01,05
ANCASH,HUARI,SAN MARCOS,021014,02,17,05
ANCASH,HUARI,SAN PEDRO DE CHANA,021015,02,10,05
ANCASH,HUARI,UCO,021016,02,18,05
ANCASH,HUARMEY,HUARMEY,021101,02,12,05
ANCASH,HUARMEY,COCHAPETI,021102,02,02,05
ANCASH,HUARMEY,CULEBRAS,021103,02,20,05
ANCASH,HUARMEY,HUAYAN,021104,02,19,05
ANCASH,HUARMEY,MALVAS,021105,02,11,05
ANCASH,HUAYLAS,CARAZ,021201,02,05,05
ANCASH,HUAYLAS,HUALLANCA,021202,02,13,05
ANCASH,HUAYLAS,HUATA,021203,02,15,05
ANCASH,HUAYLAS,HUAYLAS,021204,02,14,05
ANCASH,HUAYLAS,MATO,021205,02,03,05
ANCASH,HUAYLAS,PAMPAROMAS,021206,02,06,05
ANCASH,HUAYLAS,PUEBLO LIBRE  / 1,021207,02,09,05
ANCASH,HUAYLAS,SANTA CRUZ,021208,02,13,06
ANCASH,HUAYLAS,SANTO TORIBIO,021209,02,18,06
ANCASH,HUAYLAS,YURACMARCA,021210,02,14,06
ANCASH,MARISCAL LUZURIAGA,PISCOBAMBA,021301,02,06,06
ANCASH,MARISCAL LUZURIAGA,CASCA,021302,02,09,06
ANCASH,MARISCAL LUZURIAGA,ELEAZAR GUZMAN BARRON,021303,02,10,06
ANCASH,MARISCAL LUZURIAGA,FIDEL OLIVAS ESCUDERO,021304,02,05,06
ANCASH,MARISCAL LUZURIAGA,LLAMA,021305,02,15,06
ANCASH,MARISCAL LUZURIAGA,LLUMPA,021306,02,01,06
ANCASH,MARISCAL LUZURIAGA,LUCMA,021307,02,17,06
ANCASH,MARISCAL LUZURIAGA,MUSGA,021308,02,12,06
ANCASH,OCROS,OCROS,021401,02,20,06
ANCASH,OCROS,ACAS,021402,02,19,06
ANCASH,OCROS,CAJAMARQUILLA,021403,02,03,06
ANCASH,OCROS,CARHUAPAMPA,021404,02,01,07
ANCASH,OCROS,COCHAS,021405,02,20,07
ANCASH,OCROS,CONGAS,021406,02,13,07
ANCASH,OCROS,LLIPA,021407,02,06,07
ANCASH,OCROS,SAN CRISTOBAL DE RAJAN,021408,02,15,07
ANCASH,OCROS,SAN PEDRO,021409,02,17,07
ANCASH,OCROS,SANTIAGO DE CHILCAS,021410,02,09,07
ANCASH,PALLASCA,CABANA,021501,02,12,07
ANCASH,PALLASCA,BOLOGNESI,021502,02,10,07
ANCASH,PALLASCA,CONCHUCOS,021503,02,19,07
ANCASH,PALLASCA,HUACASCHUQUE,021504,02,18,07
ANCASH,PALLASCA,HUANDOVAL,021505,02,05,07
ANCASH,PALLASCA,LACABAMBA,021506,02,14,07
ANCASH,PALLASCA,LLAPO,021507,02,06,08
ANCASH,PALLASCA,PALLASCA,021508,02,01,08
ANCASH,PALLASCA,PAMPAS,021509,02,05,08
ANCASH,PALLASCA,SANTA ROSA,021510,02,14,08
ANCASH,PALLASCA,TAUCA,021511,02,17,08
ANCASH,POMABAMBA,POMABAMBA,021601,02,15,08
ANCASH,POMABAMBA,HUAYLLAN,021602,02,12,08
ANCASH,POMABAMBA,PAROBAMBA,021603,02,18,08
ANCASH,POMABAMBA,QUINUABAMBA,021604,02,13,08
ANCASH,RECUAY,RECUAY,021701,02,20,08
ANCASH,RECUAY,CATAC,021702,02,19,08
ANCASH,RECUAY,COTAPARACO,021703,02,10,08
ANCASH,RECUAY,HUAYLLAPAMPA,021704,02,06,09
ANCASH,RECUAY,LLACLLIN,021705,02,01,09
ANCASH,RECUAY,MARCA,021706,02,05,09
ANCASH,RECUAY,PAMPAS CHICO,021707,02,15,09
ANCASH,RECUAY,PARARIN,021708,02,14,09
ANCASH,RECUAY,TAPACOCHA,021709,02,17,09
ANCASH,RECUAY,TICAPAMPA,021710,02,18,09
ANCASH,DEL SANTA,CHIMBOTE,021801,02,19,09
ANCASH,DEL SANTA,CACERES DEL PERU,021802,02,12,09
ANCASH,DEL SANTA,COISHCO,021803,02,10,09
ANCASH,DEL SANTA,MACATE,021804,02,17,10
ANCASH,DEL SANTA,MORO,021805,02,06,10
ANCASH,DEL SANTA,NEPEÑA,021806,02,10,10
ANCASH,DEL SANTA,SAMANCO,021807,02,05,10
ANCASH,DEL SANTA,SANTA,021808,02,12,10
ANCASH,DEL SANTA,NUEVO CHIMBOTE,021809,02,15,10
ANCASH,SIHUAS,SIHUAS,021901,02,14,10
ANCASH,SIHUAS,ACOBAMBA,021902,02,19,10
ANCASH,SIHUAS,ALFONSO UGARTE,021903,02,01,10
ANCASH,SIHUAS,CASHAPAMPA,021904,02,15,11
ANCASH,SIHUAS,CHINGALPO,021905,02,01,11
ANCASH,SIHUAS,HUAYLLABAMBA,021906,02,05,11
ANCASH,SIHUAS,QUICHES,021907,02,06,11
ANCASH,SIHUAS,RAGASH,021908,02,10,11
ANCASH,SIHUAS,SAN JUAN,021909,02,05,12
ANCASH,SIHUAS,SICSIBAMBA,021910,02,10,12
ANCASH,YUNGAY,YUNGAY,022001,02,01,12
ANCASH,YUNGAY,CASCAPARA,022002,02,10,13
ANCASH,YUNGAY,MANCOS,022003,02,05,13
ANCASH,YUNGAY,MATACOTO,022004,02,10,14
ANCASH,YUNGAY,QUILLO,022005,02,05,14
ANCASH,YUNGAY,RANRAHIRCA,022006,02,05,15
ANCASH,YUNGAY,SHUPLUY,022007,02,10,15
ANCASH,YUNGAY,YANAMA,022008,02,10,16
APURIMAC,ABANCAY,ABANCAY,030101,03,06,01
APURIMAC,ABANCAY,CHACOCHE,030102,03,05,01
APURIMAC,ABANCAY,CIRCA,030103,03,04,01
APURIMAC,ABANCAY,CURAHUASI,030104,03,01,01
APURIMAC,ABANCAY,HUANIPACA,030105,03,03,01
APURIMAC,ABANCAY,LAMBRAMA,030106,03,02,01
APURIMAC,ABANCAY,PICHIRHUA,030107,03,07,01
APURIMAC,ABANCAY,SAN PEDRO DE CACHORA,030108,03,06,02
APURIMAC,ABANCAY,TAMBURCO,030109,03,01,02
APURIMAC,ANDAHUAYLAS,ANDAHUAYLAS,030201,03,02,02
APURIMAC,ANDAHUAYLAS,ANDARAPA,030202,03,07,02
APURIMAC,ANDAHUAYLAS,CHIARA,030203,03,04,02
APURIMAC,ANDAHUAYLAS,HUANCARAMA,030204,03,03,02
APURIMAC,ANDAHUAYLAS,HUANCARAY,030205,03,05,02
APURIMAC,ANDAHUAYLAS,HUAYANA,030206,03,02,03
APURIMAC,ANDAHUAYLAS,KISHUARA,030207,03,06,03
APURIMAC,ANDAHUAYLAS,PACOBAMBA,030208,03,05,03
APURIMAC,ANDAHUAYLAS,PACUCHA,030209,03,04,03
APURIMAC,ANDAHUAYLAS,PAMPACHIRI,030210,03,03,03
APURIMAC,ANDAHUAYLAS,POMACOCHA,030211,03,01,03
APURIMAC,ANDAHUAYLAS,SAN ANTONIO DE CACHI,030212,03,07,03
APURIMAC,ANDAHUAYLAS,SAN JERONIMO,030213,03,02,04
APURIMAC,ANDAHUAYLAS,SAN MIGUEL DE CHACCRAMPA,030214,03,07,04
APURIMAC,ANDAHUAYLAS,SANTA MARIA DE CHICMO,030215,03,04,04
APURIMAC,ANDAHUAYLAS,TALAVERA,030216,03,05,04
APURIMAC,ANDAHUAYLAS,TUMAY HUARACA,030217,03,06,04
APURIMAC,ANDAHUAYLAS,TURPO,030218,03,03,04
APURIMAC,ANDAHUAYLAS,KAQUIABAMBA,030219,03,01,04
APURIMAC,ANDAHUAYLAS,JOSE MARIA ARGUEDAS,030220,03,04,05
APURIMAC,ANTABAMBA,ANTABAMBA,030301,03,05,05
APURIMAC,ANTABAMBA,EL ORO,030302,03,06,05
APURIMAC,ANTABAMBA,HUAQUIRCA,030303,03,01,05
APURIMAC,ANTABAMBA,JUAN ESPINOZA MEDRANO,030304,03,02,05
APURIMAC,ANTABAMBA,OROPESA,030305,03,03,05
APURIMAC,ANTABAMBA,PACHACONAS,030306,03,07,05
APURIMAC,ANTABAMBA,SABAINO,030307,03,02,06
APURIMAC,AYMARAES,CHALHUANCA,030401,03,07,06
APURIMAC,AYMARAES,CAPAYA,030402,03,04,06
APURIMAC,AYMARAES,CARAYBAMBA,030403,03,03,06
APURIMAC,AYMARAES,CHAPIMARCA,030404,03,06,06
APURIMAC,AYMARAES,COLCABAMBA,030405,03,05,06
APURIMAC,AYMARAES,COTARUSE,030406,03,01,06
APURIMAC,AYMARAES,HUAYLLO,030407,03,04,07
APURIMAC,AYMARAES,JUSTO APU SAHUARAURA,030408,03,03,07
APURIMAC,AYMARAES,LUCRE,030409,03,01,07
APURIMAC,AYMARAES,POCOHUANCA,030410,03,02,07
APURIMAC,AYMARAES,SAN JUAN DE CHACÑA,030411,03,07,07
APURIMAC,AYMARAES,SAÑAYCA,030412,03,06,07
APURIMAC,AYMARAES,SORAYA,030413,03,06,08
APURIMAC,AYMARAES,TAPAIRIHUA,030414,03,02,08
APURIMAC,AYMARAES,TINTAY,030415,03,01,08
APURIMAC,AYMARAES,TORAYA,030416,03,07,08
APURIMAC,AYMARAES,YANACA,030417,03,04,08
APURIMAC,COTABAMBAS,TAMBOBAMBA,030501,03,04,09
APURIMAC,COTABAMBAS,COTABAMBAS,030502,03,07,09
APURIMAC,COTABAMBAS,COYLLURQUI,030503,03,02,09
APURIMAC,COTABAMBAS,HAQUIRA,030504,03,01,09
APURIMAC,COTABAMBAS,MARA,030505,03,07,10
APURIMAC,COTABAMBAS,CHALLHUAHUACHO,030506,03,02,10
APURIMAC,CHINCHEROS,CHINCHEROS,030601,03,04,10
APURIMAC,CHINCHEROS,ANCO-HUALLO,030602,03,02,11
APURIMAC,CHINCHEROS,COCHARCAS,030603,03,07,11
APURIMAC,CHINCHEROS,HUACCANA,030604,03,04,11
APURIMAC,CHINCHEROS,OCOBAMBA,030605,03,04,12
APURIMAC,CHINCHEROS,ONGOY,030606,03,07,12
APURIMAC,CHINCHEROS,URANMARCA,030607,03,02,12
APURIMAC,CHINCHEROS,RANRACANCHA,030608,03,02,13
APURIMAC,GRAU,CHUQUIBAMBILLA,030701,03,07,13
APURIMAC,GRAU,CURPAHUASI,030702,03,04,13
APURIMAC,GRAU,GAMARRA,030703,03,07,14
APURIMAC,GRAU,HUAYLLATI,030704,03,04,14
APURIMAC,GRAU,MAMARA,030705,03,02,14
APURIMAC,GRAU,MICAELA BASTIDAS,030706,03,02,15
APURIMAC,GRAU,PATAYPAMPA,030707,03,04,15
APURIMAC,GRAU,PROGRESO,030708,03,02,16
APURIMAC,GRAU,SAN ANTONIO,030709,03,04,16
APURIMAC,GRAU,SANTA ROSA,030710,03,02,17
APURIMAC,GRAU,TURPAY,030711,03,04,17
APURIMAC,GRAU,VILCABAMBA,030712,03,02,18
APURIMAC,GRAU,VIRUNDO,030713,03,02,19
APURIMAC,GRAU,CURASCO,030714,03,02,20
AREQUIPA,AREQUIPA,AREQUIPA,040101,04,07,01
AREQUIPA,AREQUIPA,ALTO SELVA ALEGRE,040102,04,06,01
AREQUIPA,AREQUIPA,CAYMA,040103,04,01,01
AREQUIPA,AREQUIPA,CERRO COLORADO,040104,04,08,01
AREQUIPA,AREQUIPA,CHARACATO,040105,04,04,01
AREQUIPA,AREQUIPA,CHIGUATA,040106,04,03,01
AREQUIPA,AREQUIPA,JACOBO HUNTER,040107,04,02,01
AREQUIPA,AREQUIPA,LA JOYA,040108,04,05,01
AREQUIPA,AREQUIPA,MARIANO MELGAR,040109,04,05,02
AREQUIPA,AREQUIPA,MIRAFLORES,040110,04,02,02
AREQUIPA,AREQUIPA,MOLLEBAYA,040111,04,08,02
AREQUIPA,AREQUIPA,PAUCARPATA,040112,04,07,02
AREQUIPA,AREQUIPA,POCSI,040113,04,06,02
AREQUIPA,AREQUIPA,POLOBAYA,040114,04,03,02
AREQUIPA,AREQUIPA,QUEQUEÑA,040115,04,04,02
AREQUIPA,AREQUIPA,SABANDIA,040116,04,01,02
AREQUIPA,AREQUIPA,SACHACA,040117,04,03,03
AREQUIPA,AREQUIPA,SAN JUAN DE SIGUAS /1,040118,04,08,03
AREQUIPA,AREQUIPA,SAN JUAN DE TARUCANI,040119,04,07,03
AREQUIPA,AREQUIPA,SANTA ISABEL DE SIGUAS,040120,04,05,03
AREQUIPA,AREQUIPA,SANTA RITA DE SIGUAS,040121,04,04,03
AREQUIPA,AREQUIPA,SOCABAYA,040122,04,02,03
AREQUIPA,AREQUIPA,TIABAYA,040123,04,06,03
AREQUIPA,AREQUIPA,UCHUMAYO,040124,04,01,03
AREQUIPA,AREQUIPA,VITOR,040125,04,05,04
AREQUIPA,AREQUIPA,YANAHUARA,040126,04,08,04
AREQUIPA,AREQUIPA,YARABAMBA,040127,04,02,04
AREQUIPA,AREQUIPA,YURA,040128,04,03,04
AREQUIPA,AREQUIPA,JOSE LUIS BUSTAMANTE Y RIVERO,040129,04,06,04
AREQUIPA,CAMANA,CAMANA,040201,04,04,04
AREQUIPA,CAMANA,JOSE MARIA QUIMPER,040202,04,01,04
AREQUIPA,CAMANA,MARIANO NICOLAS VALCARCEL,040203,04,07,04
AREQUIPA,CAMANA,MARISCAL CACERES,040204,04,02,05
AREQUIPA,CAMANA,NICOLAS DE PIEROLA,040205,04,05,05
AREQUIPA,CAMANA,OCOÑA,040206,04,01,05
AREQUIPA,CAMANA,QUILCA,040207,04,04,05
AREQUIPA,CAMANA,SAMUEL PASTOR,040208,04,03,05
AREQUIPA,CARAVELI,CARAVELI,040301,04,07,05
AREQUIPA,CARAVELI,ACARI,040302,04,06,05
AREQUIPA,CARAVELI,ATICO,040303,04,08,05
AREQUIPA,CARAVELI,ATIQUIPA,040304,04,06,06
AREQUIPA,CARAVELI,BELLA UNION,040305,04,05,06
AREQUIPA,CARAVELI,CAHUACHO,040306,04,08,06
AREQUIPA,CARAVELI,CHALA,040307,04,04,06
AREQUIPA,CARAVELI,CHAPARRA,040308,04,02,06
AREQUIPA,CARAVELI,HUANUHUANU,040309,04,01,06
AREQUIPA,CARAVELI,JAQUI,040310,04,03,06
AREQUIPA,CARAVELI,LOMAS,040311,04,07,06
AREQUIPA,CARAVELI,QUICACHA,040312,04,08,07
AREQUIPA,CARAVELI,YAUCA,040313,04,06,07
AREQUIPA,CASTILLA,APLAO,040401,04,04,07
AREQUIPA,CASTILLA,ANDAGUA,040402,04,03,07
AREQUIPA,CASTILLA,AYO,040403,04,05,07
AREQUIPA,CASTILLA,CHACHAS,040404,04,02,07
AREQUIPA,CASTILLA,CHILCAYMARCA,040405,04,01,07
AREQUIPA,CASTILLA,CHOCO,040406,04,02,08
AREQUIPA,CASTILLA,HUANCARQUI,040407,04,06,08
AREQUIPA,CASTILLA,MACHAGUAY,040408,04,04,08
AREQUIPA,CASTILLA,ORCOPAMPA,040409,04,03,08
AREQUIPA,CASTILLA,PAMPACOLCA,040410,04,08,08
AREQUIPA,CASTILLA,TIPAN,040411,04,01,08
AREQUIPA,CASTILLA,UÑON,040412,04,05,08
AREQUIPA,CASTILLA,URACA,040413,04,05,09
AREQUIPA,CASTILLA,VIRACO,040414,04,03,09
AREQUIPA,CAYLLOMA,CHIVAY,040501,04,08,09
AREQUIPA,CAYLLOMA,ACHOMA,040502,04,01,09
AREQUIPA,CAYLLOMA,CABANACONDE,040503,04,04,09
AREQUIPA,CAYLLOMA,CALLALLI,040504,04,03,10
AREQUIPA,CAYLLOMA,CAYLLOMA,040505,04,08,10
AREQUIPA,CAYLLOMA,COPORAQUE,040506,04,05,10
AREQUIPA,CAYLLOMA,HUAMBO,040507,04,01,10
AREQUIPA,CAYLLOMA,HUANCA,040508,04,04,10
AREQUIPA,CAYLLOMA,ICHUPAMPA,040509,04,03,11
AREQUIPA,CAYLLOMA,LARI,040510,04,01,11
AREQUIPA,CAYLLOMA,LLUTA,040511,04,04,11
AREQUIPA,CAYLLOMA,MACA,040512,04,05,11
AREQUIPA,CAYLLOMA,MADRIGAL,040513,04,08,11
AREQUIPA,CAYLLOMA,SAN ANTONIO DE CHUCA  2/,040514,04,04,12
AREQUIPA,CAYLLOMA,SIBAYO,040515,04,01,12
AREQUIPA,CAYLLOMA,TAPAY,040516,04,03,12
AREQUIPA,CAYLLOMA,TISCO,040517,04,05,12
AREQUIPA,CAYLLOMA,TUTI,040518,04,04,13
AREQUIPA,CAYLLOMA,YANQUE,040519,04,03,13
AREQUIPA,CAYLLOMA,MAJES,040520,04,05,13
AREQUIPA,CONDESUYOS,CHUQUIBAMBA,040601,04,01,13
AREQUIPA,CONDESUYOS,ANDARAY,040602,04,01,14
AREQUIPA,CONDESUYOS,CAYARANI,040603,04,05,14
AREQUIPA,CONDESUYOS,CHICHAS,040604,04,04,14
AREQUIPA,CONDESUYOS,IRAY,040605,04,01,15
AREQUIPA,CONDESUYOS,RIO GRANDE,040606,04,05,15
AREQUIPA,CONDESUYOS,SALAMANCA,040607,04,01,16
AREQUIPA,CONDESUYOS,YANAQUIHUA,040608,04,05,16
AREQUIPA,ISLAY,MOLLENDO,040701,04,05,17
AREQUIPA,ISLAY,COCACHACRA,040702,04,01,17
AREQUIPA,ISLAY,DEAN VALDIVIA,040703,04,01,18
AREQUIPA,ISLAY,ISLAY,040704,04,05,18
AREQUIPA,ISLAY,MEJIA,040705,04,05,19
AREQUIPA,ISLAY,PUNTA DE BOMBON,040706,04,01,19
AREQUIPA,LA UNION,COTAHUASI,040801,04,05,20
AREQUIPA,LA UNION,ALCA,040802,04,01,20
AREQUIPA,LA UNION,CHARCANA,040803,04,01,21
AREQUIPA,LA UNION,HUAYNACOTAS,040804,04,01,22
AREQUIPA,LA UNION,PAMPAMARCA,040805,04,01,23
AREQUIPA,LA UNION,PUYCA,040806,04,01,24
AREQUIPA,LA UNION,QUECHUALLA,040807,04,01,25
AREQUIPA,LA UNION,SAYLA,040808,04,01,26
AREQUIPA,LA UNION,TAURIA,040809,04,01,27
AREQUIPA,LA UNION,TOMEPAMPA,040810,04,01,28
AREQUIPA,LA UNION,TORO,040811,04,01,29
AYACUCHO,HUAMANGA,AYACUCHO,050101,05,11,01
AYACUCHO,HUAMANGA,ACOCRO,050102,05,10,01
AYACUCHO,HUAMANGA,ACOS VINCHOS,050103,05,02,01
AYACUCHO,HUAMANGA,CARMEN ALTO,050104,05,07,01
AYACUCHO,HUAMANGA,CHIARA,050105,05,01,01
AYACUCHO,HUAMANGA,OCROS,050106,05,09,01
AYACUCHO,HUAMANGA,PACAYCASA,050107,05,03,01
AYACUCHO,HUAMANGA,QUINUA,050108,05,08,01
AYACUCHO,HUAMANGA,SAN JOSE DE TICLLAS,050109,05,05,01
AYACUCHO,HUAMANGA,SAN JUAN BAUTISTA,050110,05,04,01
AYACUCHO,HUAMANGA,SANTIAGO DE PISCHA,050111,05,06,01
AYACUCHO,HUAMANGA,SOCOS,050112,05,04,02
AYACUCHO,HUAMANGA,TAMBILLO,050113,05,01,02
AYACUCHO,HUAMANGA,VINCHOS,050114,05,03,02
AYACUCHO,HUAMANGA,JESUS NAZARENO,050115,05,02,02
AYACUCHO,HUAMANGA,ANDRES AVELINO CACERES,050116,05,05,02
AYACUCHO,CANGALLO,CANGALLO,050201,05,08,02
AYACUCHO,CANGALLO,CHUSCHI,050202,05,11,02
AYACUCHO,CANGALLO,LOS MOROCHUCOS,050203,05,06,02
AYACUCHO,CANGALLO,MARIA PARADO DE BELLIDO,050204,05,10,02
AYACUCHO,CANGALLO,PARAS,050205,05,07,02
AYACUCHO,CANGALLO,TOTOS,050206,05,09,02
AYACUCHO,HUANCA SANCOS,SANCOS,050301,05,08,03
AYACUCHO,HUANCA SANCOS,CARAPO,050302,05,04,03
AYACUCHO,HUANCA SANCOS,SACSAMARCA,050303,05,06,03
AYACUCHO,HUANCA SANCOS,SANTIAGO DE LUCANAMARCA,050304,05,09,03
AYACUCHO,HUANTA,HUANTA,050401,05,03,03
AYACUCHO,HUANTA,AYAHUANCO,050402,05,11,03
AYACUCHO,HUANTA,HUAMANGUILLA,050403,05,05,03
AYACUCHO,HUANTA,IGUAIN,050404,05,01,03
AYACUCHO,HUANTA,LURICOCHA,050405,05,07,03
AYACUCHO,HUANTA,SANTILLANA,050406,05,02,03
AYACUCHO,HUANTA,SIVIA,050407,05,10,03
AYACUCHO,HUANTA,LLOCHEGUA,050408,05,05,04
AYACUCHO,HUANTA,CANAYRE,050409,05,04,04
AYACUCHO,HUANTA,UCHURACCAY,050410,05,09,04
AYACUCHO,HUANTA,PUCACOLPA,050411,05,08,04
AYACUCHO,LA MAR,SAN MIGUEL,050501,05,07,04
AYACUCHO,LA MAR,ANCO,050502,05,10,04
AYACUCHO,LA MAR,AYNA,050503,05,03,04
AYACUCHO,LA MAR,CHILCAS,050504,05,02,04
AYACUCHO,LA MAR,CHUNGUI,050505,05,11,04
AYACUCHO,LA MAR,LUIS CARRANZA,050506,05,06,04
AYACUCHO,LA MAR,SANTA ROSA,050507,05,01,04
AYACUCHO,LA MAR,TAMBO,050508,05,10,05
AYACUCHO,LA MAR,SAMUGARI,050509,05,04,05
AYACUCHO,LA MAR,ANCHIHUAY,050510,05,02,05
AYACUCHO,LUCANAS,PUQUIO,050601,05,01,05
AYACUCHO,LUCANAS,AUCARA,050602,05,11,05
AYACUCHO,LUCANAS,CABANA,050603,05,09,05
AYACUCHO,LUCANAS,CARMEN SALCEDO,050604,05,05,05
AYACUCHO,LUCANAS,CHAVIÑA,050605,05,08,05
AYACUCHO,LUCANAS,CHIPAO,050606,05,07,05
AYACUCHO,LUCANAS,HUAC-HUAS,050607,05,06,05
AYACUCHO,LUCANAS,LARAMATE,050608,05,07,06
AYACUCHO,LUCANAS,LEONCIO PRADO,050609,05,02,06
AYACUCHO,LUCANAS,LLAUTA,050610,05,09,06
AYACUCHO,LUCANAS,LUCANAS,050611,05,08,06
AYACUCHO,LUCANAS,OCAÑA,050612,05,10,06
AYACUCHO,LUCANAS,OTOCA,050613,05,01,06
AYACUCHO,LUCANAS,SAISA,050614,05,11,06
AYACUCHO,LUCANAS,SAN CRISTOBAL,050615,05,04,06
AYACUCHO,LUCANAS,SAN JUAN,050616,05,05,06
AYACUCHO,LUCANAS,SAN PEDRO,050617,05,06,06
AYACUCHO,LUCANAS,SAN PEDRO DE PALCO,050618,05,09,07
AYACUCHO,LUCANAS,SANCOS,050619,05,04,07
AYACUCHO,LUCANAS,SANTA ANA DE HUAYCAHUACHO,050620,05,06,07
AYACUCHO,LUCANAS,SANTA LUCIA,050621,05,10,07
AYACUCHO,PARINACOCHAS,CORACORA,050701,05,01,07
AYACUCHO,PARINACOCHAS,CHUMPI,050702,05,11,07
AYACUCHO,PARINACOCHAS,CORONEL CASTAÑEDA,050703,05,05,07
AYACUCHO,PARINACOCHAS,PACAPAUSA,050704,05,07,07
AYACUCHO,PARINACOCHAS,PULLO,050705,05,08,07
AYACUCHO,PARINACOCHAS,PUYUSCA,050706,05,10,08
AYACUCHO,PARINACOCHAS,SAN FRANCISCO DE RAVACAYCO,050707,05,11,08
AYACUCHO,PARINACOCHAS,UPAHUACHO,050708,05,05,08
AYACUCHO,PAUCAR DEL SARA SARA,PAUSA,050801,05,01,08
AYACUCHO,PAUCAR DEL SARA SARA,COLTA,050802,05,08,08
AYACUCHO,PAUCAR DEL SARA SARA,CORCULLA,050803,05,04,08
AYACUCHO,PAUCAR DEL SARA SARA,LAMPA,050804,05,09,08
AYACUCHO,PAUCAR DEL SARA SARA,MARCABAMBA,050805,05,06,08
AYACUCHO,PAUCAR DEL SARA SARA,OYOLO,050806,05,07,08
AYACUCHO,PAUCAR DEL SARA SARA,PARARCA,050807,05,10,09
AYACUCHO,PAUCAR DEL SARA SARA,SAN JAVIER DE ALPABAMBA,050808,05,01,09
AYACUCHO,PAUCAR DEL SARA SARA,SAN JOSE DE USHUA,050809,05,05,09
AYACUCHO,PAUCAR DEL SARA SARA,SARA SARA,050810,05,09,09
AYACUCHO,SUCRE,QUEROBAMBA,050901,05,04,09
AYACUCHO,SUCRE,BELEN,050902,05,08,09
AYACUCHO,SUCRE,CHALCOS,050903,05,06,09
AYACUCHO,SUCRE,CHILCAYOC,050904,05,08,10
AYACUCHO,SUCRE,HUACAÑA,050905,05,05,10
AYACUCHO,SUCRE,MORCOLLA,050906,05,09,10
AYACUCHO,SUCRE,PAICO,050907,05,01,10
AYACUCHO,SUCRE,SAN PEDRO DE LARCAY,050908,05,10,10
AYACUCHO,SUCRE,SAN SALVADOR DE QUIJE,050909,05,04,10
AYACUCHO,SUCRE,SANTIAGO DE PAUCARAY,050910,05,06,10
AYACUCHO,SUCRE,SORAS,050911,05,01,11
AYACUCHO,VICTOR FAJARDO,HUANCAPI,051001,05,04,11
AYACUCHO,VICTOR FAJARDO,ALCAMENCA,051002,05,09,11
AYACUCHO,VICTOR FAJARDO,APONGO,051003,05,10,11
AYACUCHO,VICTOR FAJARDO,ASQUIPATA,051004,05,06,11
AYACUCHO,VICTOR FAJARDO,CANARIA,051005,05,10,12
AYACUCHO,VICTOR FAJARDO,CAYARA,051006,05,06,12
AYACUCHO,VICTOR FAJARDO,COLCA,051007,05,01,12
AYACUCHO,VICTOR FAJARDO,HUAMANQUIQUIA,051008,05,06,13
AYACUCHO,VICTOR FAJARDO,HUANCARAYLLA,051009,05,01,13
AYACUCHO,VICTOR FAJARDO,HUAYA,051010,05,01,14
AYACUCHO,VICTOR FAJARDO,SARHUA,051011,05,06,14
AYACUCHO,VICTOR FAJARDO,VILCANCHOS,051012,05,01,15
AYACUCHO,VILCAS HUAMAN,VILCAS HUAMAN,051101,05,06,15
AYACUCHO,VILCAS HUAMAN,ACCOMARCA,051102,05,01,16
AYACUCHO,VILCAS HUAMAN,CARHUANCA,051103,05,06,16
AYACUCHO,VILCAS HUAMAN,CONCEPCION,051104,05,06,17
AYACUCHO,VILCAS HUAMAN,HUAMBALPA,051105,05,06,18
AYACUCHO,VILCAS HUAMAN,INDEPENDENCIA /1,051106,05,06,19
AYACUCHO,VILCAS HUAMAN,SAURAMA,051107,05,06,20
AYACUCHO,VILCAS HUAMAN,VISCHONGO,051108,05,06,21
CAJAMARCA,CAJAMARCA,CAJAMARCA,060101,06,11,01
CAJAMARCA,CAJAMARCA,ASUNCION,060102,06,05,01
CAJAMARCA,CAJAMARCA,CHETILLA,060103,06,03,01
CAJAMARCA,CAJAMARCA,COSPAN,060104,06,09,01
CAJAMARCA,CAJAMARCA,ENCAÑADA,060105,06,01,01
CAJAMARCA,CAJAMARCA,JESUS,060106,06,10,01
CAJAMARCA,CAJAMARCA,LLACANORA,060107,06,08,01
CAJAMARCA,CAJAMARCA,LOS BAÑOS DEL INCA,060108,06,13,01
CAJAMARCA,CAJAMARCA,MAGDALENA,060109,06,06,01
CAJAMARCA,CAJAMARCA,MATARA,060110,06,12,01
CAJAMARCA,CAJAMARCA,NAMORA,060111,06,02,01
CAJAMARCA,CAJAMARCA,SAN JUAN,060112,06,07,01
CAJAMARCA,CAJABAMBA,CAJABAMBA,060201,06,04,01
CAJAMARCA,CAJABAMBA,CACHACHI,060202,06,02,02
CAJAMARCA,CAJABAMBA,CONDEBAMBA,060203,06,11,02
CAJAMARCA,CAJABAMBA,SITACOCHA,060204,06,10,02
CAJAMARCA,CELENDIN,CELENDIN,060301,06,06,02
CAJAMARCA,CELENDIN,CHUMUCH,060302,06,05,02
CAJAMARCA,CELENDIN,CORTEGANA,060303,06,13,02
CAJAMARCA,CELENDIN,HUASMIN,060304,06,07,02
CAJAMARCA,CELENDIN,JORGE CHAVEZ,060305,06,12,02
CAJAMARCA,CELENDIN,JOSE GALVEZ,060306,06,04,02
CAJAMARCA,CELENDIN,MIGUEL IGLESIAS,060307,06,01,02
CAJAMARCA,CELENDIN,OXAMARCA,060308,06,03,02
CAJAMARCA,CELENDIN,SOROCHUCO,060309,06,09,02
CAJAMARCA,CELENDIN,SUCRE,060310,06,08,02
CAJAMARCA,CELENDIN,UTCO,060311,06,03,03
CAJAMARCA,CELENDIN,LA LIBERTAD DE PALLAN,060312,06,02,03
CAJAMARCA,CHOTA,CHOTA,060401,06,07,03
CAJAMARCA,CHOTA,ANGUIA,060402,06,08,03
CAJAMARCA,CHOTA,CHADIN,060403,06,12,03
CAJAMARCA,CHOTA,CHIGUIRIP,060404,06,13,03
CAJAMARCA,CHOTA,CHIMBAN,060405,06,11,03
CAJAMARCA,CHOTA,CHOROPAMPA,060406,06,06,03
CAJAMARCA,CHOTA,COCHABAMBA,060407,06,09,03
CAJAMARCA,CHOTA,CONCHAN,060408,06,10,03
CAJAMARCA,CHOTA,HUAMBOS,060409,06,05,03
CAJAMARCA,CHOTA,LAJAS,060410,06,01,03
CAJAMARCA,CHOTA,LLAMA,060411,06,04,03
CAJAMARCA,CHOTA,MIRACOSTA,060412,06,10,04
CAJAMARCA,CHOTA,PACCHA,060413,06,12,04
CAJAMARCA,CHOTA,PION,060414,06,08,04
CAJAMARCA,CHOTA,QUEROCOTO,060415,06,02,04
CAJAMARCA,CHOTA,SAN JUAN DE LICUPIS,060416,06,13,04
CAJAMARCA,CHOTA,TACABAMBA,060417,06,01,04
CAJAMARCA,CHOTA,TOCMOCHE,060418,06,11,04
CAJAMARCA,CHOTA,CHALAMARCA,060419,06,06,04
CAJAMARCA,CONTUMAZA,CONTUMAZA,060501,06,04,04
CAJAMARCA,CONTUMAZA,CHILETE,060502,06,05,04
CAJAMARCA,CONTUMAZA,CUPISNIQUE,060503,06,03,04
CAJAMARCA,CONTUMAZA,GUZMANGO,060504,06,09,04
CAJAMARCA,CONTUMAZA,SAN BENITO,060505,06,01,05
CAJAMARCA,CONTUMAZA,SANTA CRUZ DE TOLED,060506,06,11,05
CAJAMARCA,CONTUMAZA,TANTARICA,060507,06,05,05
CAJAMARCA,CONTUMAZA,YONAN,060508,06,13,05
CAJAMARCA,CUTERVO,CUTERVO,060601,06,03,05
CAJAMARCA,CUTERVO,CALLAYUC,060602,06,08,05
CAJAMARCA,CUTERVO,CHOROS,060603,06,04,05
CAJAMARCA,CUTERVO,CUJILLO,060604,06,10,05
CAJAMARCA,CUTERVO,LA RAMADA,060605,06,09,05
CAJAMARCA,CUTERVO,PIMPINGOS,060606,06,06,05
CAJAMARCA,CUTERVO,QUEROCOTILLO,060607,06,09,06
CAJAMARCA,CUTERVO,SAN ANDRES DE CUTERVO,060608,06,05,06
CAJAMARCA,CUTERVO,SAN JUAN DE CUTERVO,060609,06,08,06
CAJAMARCA,CUTERVO,SAN LUIS DE LUCMA,060610,06,10,06
CAJAMARCA,CUTERVO,SANTA CRUZ,060611,06,04,06
CAJAMARCA,CUTERVO,SANTO DOMINGO DE LA CAPILLA,060612,06,03,06
CAJAMARCA,CUTERVO,SANTO TOMAS,060613,06,01,06
CAJAMARCA,CUTERVO,SOCOTA,060614,06,06,06
CAJAMARCA,CUTERVO,TORIBIO CASANOVA,060615,06,13,06
CAJAMARCA,HUALGAYOC,BAMBAMARCA,060701,06,11,06
CAJAMARCA,HUALGAYOC,CHUGUR,060702,06,08,07
CAJAMARCA,HUALGAYOC,HUALGAYOC,060703,06,04,07
CAJAMARCA,JAEN,JAEN,060801,06,11,07
CAJAMARCA,JAEN,BELLAVISTA,060802,06,03,07
CAJAMARCA,JAEN,CHONTALI,060803,06,09,07
CAJAMARCA,JAEN,COLASAY,060804,06,01,07
CAJAMARCA,JAEN,HUABAL,060805,06,05,07
CAJAMARCA,JAEN,LAS PIRIAS,060806,06,13,07
CAJAMARCA,JAEN,POMAHUACA,060807,06,06,07
CAJAMARCA,JAEN,PUCARA,060808,06,10,07
CAJAMARCA,JAEN,SALLIQUE,060809,06,03,08
CAJAMARCA,JAEN,SAN FELIPE,060810,06,13,08
CAJAMARCA,JAEN,SAN JOSE DEL ALTO,060811,06,11,08
CAJAMARCA,JAEN,SANTA ROSA,060812,06,08,08
CAJAMARCA,SAN IGNACIO,SAN IGNACIO,060901,06,04,08
CAJAMARCA,SAN IGNACIO,CHIRINOS,060902,06,01,08
CAJAMARCA,SAN IGNACIO,HUARANGO,060903,06,05,08
CAJAMARCA,SAN IGNACIO,LA COIPA,060904,06,06,08
CAJAMARCA,SAN IGNACIO,NAMBALLE,060905,06,13,09
CAJAMARCA,SAN IGNACIO,SAN JOSE DE LOURDES,060906,06,01,09
CAJAMARCA,SAN IGNACIO,TABACONAS,060907,06,11,09
CAJAMARCA,SAN MARCOS,PEDRO GALVEZ,061001,06,08,09
CAJAMARCA,SAN MARCOS,CHANCAY,061002,06,03,09
CAJAMARCA,SAN MARCOS,EDUARDO VILLANUEVA,061003,06,04,09
CAJAMARCA,SAN MARCOS,GREGORIO PITA,061004,06,06,09
CAJAMARCA,SAN MARCOS,ICHOCAN,061005,06,13,10
CAJAMARCA,SAN MARCOS,JOSE MANUEL QUIROZ,061006,06,01,10
CAJAMARCA,SAN MARCOS,JOSE SABOGAL,061007,06,06,10
CAJAMARCA,SAN MIGUEL,SAN MIGUEL,061101,06,04,10
CAJAMARCA,SAN MIGUEL,BOLIVAR,061102,06,11,10
CAJAMARCA,SAN MIGUEL,CALQUIS,061103,06,03,10
CAJAMARCA,SAN MIGUEL,CATILLUC,061104,06,08,10
CAJAMARCA,SAN MIGUEL,EL PRADO,061105,06,04,11
CAJAMARCA,SAN MIGUEL,LA FLORIDA,061106,06,03,11
CAJAMARCA,SAN MIGUEL,LLAPA,061107,06,01,11
CAJAMARCA,SAN MIGUEL,NANCHOC,061108,06,11,11
CAJAMARCA,SAN MIGUEL,NIEPOS,061109,06,06,11
CAJAMARCA,SAN MIGUEL,SAN GREGORIO,061110,06,08,11
CAJAMARCA,SAN MIGUEL,SAN SILVESTRE DE COCHAN,061111,06,13,11
CAJAMARCA,SAN MIGUEL,TONGOD,061112,06,08,12
CAJAMARCA,SAN MIGUEL,UNION AGUA BLANCA,061113,06,11,12
CAJAMARCA,SAN PABLO,SAN PABLO,061201,06,01,12
CAJAMARCA,SAN PABLO,SAN BERNARDINO,061202,06,04,12
CAJAMARCA,SAN PABLO,SAN LUIS,061203,06,03,12
CAJAMARCA,SAN PABLO,TUMBADEN,061204,06,06,12
CAJAMARCA,SANTA CRUZ,SANTA CRUZ,061301,06,04,13
CAJAMARCA,SANTA CRUZ,ANDABAMBA,061302,06,06,13
CAJAMARCA,SANTA CRUZ,CATACHE,061303,06,11,13
CAJAMARCA,SANTA CRUZ,CHANCAYBAÑOS,061304,06,06,14
CAJAMARCA,SANTA CRUZ,LA ESPERANZA,061305,06,04,14
CAJAMARCA,SANTA CRUZ,NINABAMBA,061306,06,06,15
CAJAMARCA,SANTA CRUZ,PULAN,061307,06,04,15
CAJAMARCA,SANTA CRUZ,SAUCEPAMPA,061308,06,04,16
CAJAMARCA,SANTA CRUZ,SEXI,061309,06,04,17
CAJAMARCA,SANTA CRUZ,UTICYACU,061310,06,04,18
CAJAMARCA,SANTA CRUZ,YAUYUCAN,061311,06,04,19
CALLAO,CALLAO,CALLAO,070101,07,01,01
CALLAO,CALLAO,BELLAVISTA,070102,07,01,02
CALLAO,CALLAO,CARMEN DE LA LEGUA REYNOSO,070103,07,01,03
CALLAO,CALLAO,LA PERLA,070104,07,01,04
CALLAO,CALLAO,LA PUNTA,070105,07,01,05
CALLAO,CALLAO,VENTANILLA,070106,07,01,06
CALLAO,CALLAO,MI PERU,070107,07,01,07
CUSCO,CUSCO,CUSCO,080101,08,06,01
CUSCO,CUSCO,CCORCA,080102,08,07,01
CUSCO,CUSCO,POROY,080103,08,01,01
CUSCO,CUSCO,SAN JERONIMO,080104,08,09,01
CUSCO,CUSCO,SAN SEBASTIAN,080105,08,08,01
CUSCO,CUSCO,SANTIAGO,080106,08,13,01
CUSCO,CUSCO,SAYLLA,080107,08,12,01
CUSCO,CUSCO,WANCHAQ,080108,08,11,01
CUSCO,ACOMAYO,ACOMAYO,080201,08,05,01
CUSCO,ACOMAYO,ACOPIA,080202,08,04,01
CUSCO,ACOMAYO,ACOS,080203,08,10,01
CUSCO,ACOMAYO,MOSOC LLACTA,080204,08,03,01
CUSCO,ACOMAYO,POMACANCHI,080205,08,02,01
CUSCO,ACOMAYO,RONDOCAN,080206,08,05,02
CUSCO,ACOMAYO,SANGARARA,080207,08,13,02
CUSCO,ANTA,ANTA,080301,08,07,02
CUSCO,ANTA,ANCAHUASI,080302,08,11,02
CUSCO,ANTA,CACHIMAYO,080303,08,06,02
CUSCO,ANTA,CHINCHAYPUJIO,080304,08,03,02
CUSCO,ANTA,HUAROCONDO,080305,08,12,02
CUSCO,ANTA,LIMATAMBO,080306,08,09,02
CUSCO,ANTA,MOLLEPATA,080307,08,04,02
CUSCO,ANTA,PUCYURA,080308,08,08,02
CUSCO,ANTA,ZURITE,080309,08,10,02
CUSCO,CALCA,CALCA,080401,08,01,02
CUSCO,CALCA,COYA,080402,08,02,02
CUSCO,CALCA,LAMAY,080403,08,09,03
CUSCO,CALCA,LARES,080404,08,06,03
CUSCO,CALCA,PISAC,080405,08,01,03
CUSCO,CALCA,SAN SALVADOR,080406,08,05,03
CUSCO,CALCA,TARAY,080407,08,10,03
CUSCO,CALCA,YANATILE,080408,08,03,03
CUSCO,CANAS,YANAOCA,080501,08,11,03
CUSCO,CANAS,CHECCA,080502,08,04,03
CUSCO,CANAS,KUNTURKANKI,080503,08,07,03
CUSCO,CANAS,LANGUI,080504,08,13,03
CUSCO,CANAS,LAYO,080505,08,12,03
CUSCO,CANAS,PAMPAMARCA,080506,08,08,03
CUSCO,CANAS,QUEHUE,080507,08,02,03
CUSCO,CANAS,TUPAC AMARU,080508,08,11,04
CUSCO,CANCHIS,SICUANI,080601,08,12,04
CUSCO,CANCHIS,CHECACUPE,080602,08,03,04
CUSCO,CANCHIS,COMBAPATA,080603,08,07,04
CUSCO,CANCHIS,MARANGANI,080604,08,04,04
CUSCO,CANCHIS,PITUMARCA,080605,08,08,04
CUSCO,CANCHIS,SAN PABLO,080606,08,01,04
CUSCO,CANCHIS,SAN PEDRO,080607,08,13,04
CUSCO,CANCHIS,TINTA,080608,08,06,04
CUSCO,CHUMBIVILCAS,SANTO TOMAS,080701,08,02,04
CUSCO,CHUMBIVILCAS,CAPACMARCA,080702,08,10,04
CUSCO,CHUMBIVILCAS,CHAMACA,080703,08,05,04
CUSCO,CHUMBIVILCAS,COLQUEMARCA,080704,08,09,04
CUSCO,CHUMBIVILCAS,LIVITACA,080705,08,09,05
CUSCO,CHUMBIVILCAS,LLUSCO,080706,08,08,05
CUSCO,CHUMBIVILCAS,QUIÑOTA,080707,08,01,05
CUSCO,CHUMBIVILCAS,VELILLE,080708,08,02,05
CUSCO,ESPINAR,ESPINAR,080801,08,12,05
CUSCO,ESPINAR,CONDOROMA,080802,08,06,05
CUSCO,ESPINAR,COPORAQUE,080803,08,07,05
CUSCO,ESPINAR,OCORURO,080804,08,10,05
CUSCO,ESPINAR,PALLPATA,080805,08,04,05
CUSCO,ESPINAR,PICHIGUA,080806,08,11,05
CUSCO,ESPINAR,SUYCKUTAMBO 3/,080807,08,03,05
CUSCO,ESPINAR,ALTO PICHIGUA,080808,08,13,05
CUSCO,LA CONVENCION,SANTA ANA,080901,08,05,05
CUSCO,LA CONVENCION,ECHARATE,080902,08,13,06
CUSCO,LA CONVENCION,HUAYOPATA /1,080903,08,12,06
CUSCO,LA CONVENCION,MARANURA,080904,08,10,06
CUSCO,LA CONVENCION,OCOBAMBA  /2,080905,08,06,06
CUSCO,LA CONVENCION,QUELLOUNO,080906,08,07,06
CUSCO,LA CONVENCION,KIMBIRI,080907,08,01,06
CUSCO,LA CONVENCION,SANTA TERESA,080908,08,03,06
CUSCO,LA CONVENCION,VILCABAMBA,080909,08,05,06
CUSCO,LA CONVENCION,PICHARI,080910,08,11,06
CUSCO,LA CONVENCION,INKAWASI,080911,08,09,06
CUSCO,LA CONVENCION,VILLA VIRGEN,080912,08,08,06
CUSCO,LA CONVENCION,VILLA KINTIARINA,080913,08,02,06
CUSCO,PARURO,PARURO,081001,08,04,06
CUSCO,PARURO,ACCHA,081002,08,10,07
CUSCO,PARURO,CCAPI,081003,08,06,07
CUSCO,PARURO,COLCHA,081004,08,05,07
CUSCO,PARURO,HUANOQUITE,081005,08,04,07
CUSCO,PARURO,OMACHA,081006,08,02,07
CUSCO,PARURO,PACCARITAMBO,081007,08,01,07
CUSCO,PARURO,PILLPINTO,081008,08,07,07
CUSCO,PARURO,YAURISQUE,081009,08,03,07
CUSCO,PAUCARTAMBO,PAUCARTAMBO,081101,08,08,07
CUSCO,PAUCARTAMBO,CAICAY,081102,08,13,07
CUSCO,PAUCARTAMBO,CHALLABAMBA,081103,08,12,07
CUSCO,PAUCARTAMBO,COLQUEPATA,081104,08,09,07
CUSCO,PAUCARTAMBO,HUANCARANI,081105,08,12,08
CUSCO,PAUCARTAMBO,KOSÑIPATA,081106,08,07,08
CUSCO,QUISPICANCHI,URCOS,081201,08,01,08
CUSCO,QUISPICANCHI,ANDAHUAYLILLAS,081202,08,09,08
CUSCO,QUISPICANCHI,CAMANTI,081203,08,03,08
CUSCO,QUISPICANCHI,CCARHUAYO,081204,08,10,08
CUSCO,QUISPICANCHI,CCATCA,081205,08,05,08
CUSCO,QUISPICANCHI,CUSIPATA,081206,08,04,08
CUSCO,QUISPICANCHI,HUARO,081207,08,08,08
CUSCO,QUISPICANCHI,LUCRE,081208,08,06,08
CUSCO,QUISPICANCHI,MARCAPATA,081209,08,03,09
CUSCO,QUISPICANCHI,OCONGATE,081210,08,12,09
CUSCO,QUISPICANCHI,OROPESA,081211,08,10,09
CUSCO,QUISPICANCHI,QUIQUIJANA,081212,08,09,09
CUSCO,URUBAMBA,URUBAMBA,081301,08,09,10
CUSCO,URUBAMBA,CHINCHERO,081302,08,12,10
CUSCO,URUBAMBA,HUAYLLABAMBA,081303,08,12,11
CUSCO,URUBAMBA,MACHUPICCHU,081304,08,09,11
CUSCO,URUBAMBA,MARAS,081305,08,12,12
CUSCO,URUBAMBA,OLLANTAYTAMBO,081306,08,09,12
CUSCO,URUBAMBA,YUCAY,081307,08,09,13
HUANCAVELICA,HUANCAVELICA,HUANCAVELICA,090101,09,05,01
HUANCAVELICA,HUANCAVELICA,ACOBAMBILLA,090102,09,02,01
HUANCAVELICA,HUANCAVELICA,ACORIA,090103,09,07,01
HUANCAVELICA,HUANCAVELICA,CONAYCA,090104,09,03,01
HUANCAVELICA,HUANCAVELICA,CUENCA,090105,09,04,01
HUANCAVELICA,HUANCAVELICA,HUACHOCOLPA,090106,09,01,01
HUANCAVELICA,HUANCAVELICA,HUAYLLAHUARA,090107,09,06,01
HUANCAVELICA,HUANCAVELICA,IZCUCHACA,090108,09,06,02
HUANCAVELICA,HUANCAVELICA,LARIA,090109,09,05,02
HUANCAVELICA,HUANCAVELICA,MANTA,090110,09,02,02
HUANCAVELICA,HUANCAVELICA,MARISCAL CACERES,090111,09,04,02
HUANCAVELICA,HUANCAVELICA,MOYA,090112,09,03,02
HUANCAVELICA,HUANCAVELICA,NUEVO OCCORO,090113,09,01,02
HUANCAVELICA,HUANCAVELICA,PALCA,090114,09,07,02
HUANCAVELICA,HUANCAVELICA,PILCHACA,090115,09,04,03
HUANCAVELICA,HUANCAVELICA,VILCA,090116,09,02,03
HUANCAVELICA,HUANCAVELICA,YAULI,090117,09,06,03
HUANCAVELICA,HUANCAVELICA,ASCENSION,090118,09,07,03
HUANCAVELICA,HUANCAVELICA,HUANDO,090119,09,01,03
HUANCAVELICA,ACOBAMBA,ACOBAMBA,090201,09,05,03
HUANCAVELICA,ACOBAMBA,ANDABAMBA,090202,09,03,03
HUANCAVELICA,ACOBAMBA,ANTA,090203,09,06,04
HUANCAVELICA,ACOBAMBA,CAJA,090204,09,03,04
HUANCAVELICA,ACOBAMBA,MARCAS,090205,09,02,04
HUANCAVELICA,ACOBAMBA,PAUCARA,090206,09,01,04
HUANCAVELICA,ACOBAMBA,POMACOCHA,090207,09,04,04
HUANCAVELICA,ACOBAMBA,ROSARIO,090208,09,05,04
HUANCAVELICA,ANGARAES,LIRCAY,090301,09,07,04
HUANCAVELICA,ANGARAES,ANCHONGA,090302,09,07,05
HUANCAVELICA,ANGARAES,CALLANMARCA,090303,09,05,05
HUANCAVELICA,ANGARAES,CCOCHACCASA,090304,09,03,05
HUANCAVELICA,ANGARAES,CHINCHO,090305,09,01,05
HUANCAVELICA,ANGARAES,CONGALLA,090306,09,06,05
HUANCAVELICA,ANGARAES,HUANCA-HUANCA,090307,09,02,05
HUANCAVELICA,ANGARAES,HUAYLLAY GRANDE,090308,09,04,05
HUANCAVELICA,ANGARAES,JULCAMARCA,090309,09,04,06
HUANCAVELICA,ANGARAES,SAN ANTONIO DE ANTAPARCO,090310,09,05,06
HUANCAVELICA,ANGARAES,SANTO TOMAS DE PATA,090311,09,03,06
HUANCAVELICA,ANGARAES,SECCLLA,090312,09,01,06
HUANCAVELICA,CASTROVIRREYNA,CASTROVIRREYNA,090401,09,07,06
HUANCAVELICA,CASTROVIRREYNA,ARMA,090402,09,02,06
HUANCAVELICA,CASTROVIRREYNA,AURAHUA,090403,09,06,06
HUANCAVELICA,CASTROVIRREYNA,CAPILLAS,090404,09,03,07
HUANCAVELICA,CASTROVIRREYNA,CHUPAMARCA,090405,09,02,07
HUANCAVELICA,CASTROVIRREYNA,COCAS,090406,09,07,07
HUANCAVELICA,CASTROVIRREYNA,HUACHOS,090407,09,06,07
HUANCAVELICA,CASTROVIRREYNA,HUAMATAMBO,090408,09,05,07
HUANCAVELICA,CASTROVIRREYNA,MOLLEPAMPA,090409,09,01,07
HUANCAVELICA,CASTROVIRREYNA,SAN JUAN,090410,09,04,07
HUANCAVELICA,CASTROVIRREYNA,SANTA ANA,090411,09,06,08
HUANCAVELICA,CASTROVIRREYNA,TANTARA,090412,09,02,08
HUANCAVELICA,CASTROVIRREYNA,TICRAPO,090413,09,05,08
HUANCAVELICA,CHURCAMPA,CHURCAMPA,090501,09,03,08
HUANCAVELICA,CHURCAMPA,ANCO,090502,09,04,08
HUANCAVELICA,CHURCAMPA,CHINCHIHUASI,090503,09,01,08
HUANCAVELICA,CHURCAMPA,EL CARMEN,090504,09,06,09
HUANCAVELICA,CHURCAMPA,LA MERCED,090505,09,07,09
HUANCAVELICA,CHURCAMPA,LOCROJA,090506,09,05,09
HUANCAVELICA,CHURCAMPA,PAUCARBAMBA,090507,09,04,09
HUANCAVELICA,CHURCAMPA,SAN MIGUEL DE MAYOCC,090508,09,03,09
HUANCAVELICA,CHURCAMPA,SAN PEDRO DE CORIS,090509,09,01,09
HUANCAVELICA,CHURCAMPA,PACHAMARCA,090510,09,03,10
HUANCAVELICA,CHURCAMPA,COSME,090511,09,07,10
HUANCAVELICA,HUAYTARA,HUAYTARA,090601,09,04,10
HUANCAVELICA,HUAYTARA,AYAVI,090602,09,01,10
HUANCAVELICA,HUAYTARA,CORDOVA,090603,09,05,10
HUANCAVELICA,HUAYTARA,HUAYACUNDO ARMA,090604,09,06,10
HUANCAVELICA,HUAYTARA,LARAMARCA,090605,09,04,11
HUANCAVELICA,HUAYTARA,OCOYO,090606,09,05,11
HUANCAVELICA,HUAYTARA,PILPICHACA,090607,09,01,11
HUANCAVELICA,HUAYTARA,QUERCO,090608,09,07,11
HUANCAVELICA,HUAYTARA,QUITO-ARMA,090609,09,06,11
HUANCAVELICA,HUAYTARA,SAN ANTONIO DE CUSICANCHA,090610,09,03,11
HUANCAVELICA,HUAYTARA,SAN FRANCISCO DE SANGAYAICO,090611,09,04,12
HUANCAVELICA,HUAYTARA,SAN ISIDRO,090612,09,01,12
HUANCAVELICA,HUAYTARA,SANTIAGO DE CHOCORVOS,090613,09,06,12
HUANCAVELICA,HUAYTARA,SANTIAGO DE QUIRAHUARA,090614,09,03,12
HUANCAVELICA,HUAYTARA,SANTO DOMINGO DE CAPILLAS,090615,09,07,13
HUANCAVELICA,HUAYTARA,TAMBO,090616,09,01,13
HUANCAVELICA,TAYACAJA,PAMPAS,090701,09,06,13
HUANCAVELICA,TAYACAJA,ACOSTAMBO,090702,09,04,13
HUANCAVELICA,TAYACAJA,ACRAQUIA,090703,09,06,14
HUANCAVELICA,TAYACAJA,AHUAYCHA,090704,09,01,14
HUANCAVELICA,TAYACAJA,COLCABAMBA,090705,09,07,14
HUANCAVELICA,TAYACAJA,DANIEL HERNANDEZ,090706,09,07,15
HUANCAVELICA,TAYACAJA,HUACHOCOLPA,090707,09,06,15
HUANCAVELICA,TAYACAJA,HUARIBAMBA,090709,09,01,15
HUANCAVELICA,TAYACAJA,ÑAHUIMPUQUIO,090710,09,07,16
HUANCAVELICA,TAYACAJA,PAZOS,090711,09,01,16
HUANCAVELICA,TAYACAJA,QUISHUAR,090713,09,06,16
HUANCAVELICA,TAYACAJA,SALCABAMBA,090714,09,07,17
HUANCAVELICA,TAYACAJA,SALCAHUASI,090715,09,01,17
HUANCAVELICA,TAYACAJA,SAN MARCOS DE ROCCHAC,090716,09,01,18
HUANCAVELICA,TAYACAJA,SURCUBAMBA,090717,09,07,18
HUANCAVELICA,TAYACAJA,TINTAY PUNCU,090718,09,01,19
HUANCAVELICA,TAYACAJA,QUICHUAS,090719,09,07,19
HUANCAVELICA,TAYACAJA,ANDAYMARCA,090720,09,07,20
HUANUCO,HUANUCO,HUANUCO,100101,10,09,01
HUANUCO,HUANUCO,AMARILIS,100102,10,08,01
HUANUCO,HUANUCO,CHINCHAO,100103,10,10,01
HUANUCO,HUANUCO,CHURUBAMBA,100104,10,04,01
HUANUCO,HUANUCO,MARGOS,100105,10,07,01
HUANUCO,HUANUCO,QUISQUI,100106,10,11,01
HUANUCO,HUANUCO,SAN FRANCISCO DE CAYRAN,100107,10,06,01
HUANUCO,HUANUCO,SAN PEDRO DE CHAULAN,100108,10,05,01
HUANUCO,HUANUCO,SANTA MARIA DEL VALLE,100109,10,01,01
HUANUCO,HUANUCO,YARUMAYO,100110,10,02,01
HUANUCO,HUANUCO,PILLCO MARCA,100111,10,03,01
HUANUCO,HUANUCO,YACUS,100112,10,08,02
HUANUCO,HUANUCO,SAN PABLO DE PILLAO,100113,10,04,02
HUANUCO,AMBO,AMBO,100201,10,06,02
HUANUCO,AMBO,CAYNA,100202,10,11,02
HUANUCO,AMBO,COLPAS,100203,10,02,02
HUANUCO,AMBO,CONCHAMARCA,100204,10,01,02
HUANUCO,AMBO,HUACAR,100205,10,07,02
HUANUCO,AMBO,SAN FRANCISCO,100206,10,10,02
HUANUCO,AMBO,SAN RAFAEL,100207,10,05,02
HUANUCO,AMBO,TOMAY KICHWA,100208,10,09,02
HUANUCO,DOS DE MAYO,LA UNION,100301,10,07,03
HUANUCO,DOS DE MAYO,CHUQUIS,100307,10,11,03
HUANUCO,DOS DE MAYO,MARIAS,100311,10,09,03
HUANUCO,DOS DE MAYO,PACHAS,100313,10,10,03
HUANUCO,DOS DE MAYO,QUIVILLA,100316,10,08,03
HUANUCO,DOS DE MAYO,RIPAN,100317,10,02,03
HUANUCO,DOS DE MAYO,SHUNQUI,100321,10,04,03
HUANUCO,DOS DE MAYO,SILLAPATA,100322,10,06,03
HUANUCO,DOS DE MAYO,YANAS,100323,10,01,03
HUANUCO,HUACAYBAMBA,HUACAYBAMBA,100401,10,05,03
HUANUCO,HUACAYBAMBA,CANCHABAMBA,100402,10,05,04
HUANUCO,HUACAYBAMBA,COCHABAMBA,100403,10,02,04
HUANUCO,HUACAYBAMBA,PINRA,100404,10,09,04
HUANUCO,HUAMALIES,LLATA,100501,10,08,04
HUANUCO,HUAMALIES,ARANCAY,100502,10,01,04
HUANUCO,HUAMALIES,CHAVIN DE PARIARCA,100503,10,06,04
HUANUCO,HUAMALIES,JACAS GRANDE,100504,10,11,04
HUANUCO,HUAMALIES,JIRCAN,100505,10,10,04
HUANUCO,HUAMALIES,MIRAFLORES,100506,10,04,04
HUANUCO,HUAMALIES,MONZON,100507,10,06,05
HUANUCO,HUAMALIES,PUNCHAO,100508,10,11,05
HUANUCO,HUAMALIES,PUÑOS,100509,10,05,05
HUANUCO,HUAMALIES,SINGA,100510,10,01,05
HUANUCO,HUAMALIES,TANTAMAYO,100511,10,02,05
HUANUCO,LEONCIO PRADO,RUPA-RUPA,100601,10,10,05
HUANUCO,LEONCIO PRADO,DANIEL ALOMIA ROBLES,100602,10,09,05
HUANUCO,LEONCIO PRADO,HERMILIO VALDIZAN,100603,10,05,06
HUANUCO,LEONCIO PRADO,JOSE CRESPO Y CASTILLO,100604,10,10,06
HUANUCO,LEONCIO PRADO,LUYANDO 1/,100605,10,11,06
HUANUCO,LEONCIO PRADO,MARIANO DAMASO BERAUN,100606,10,01,06
HUANUCO,LEONCIO PRADO,CASTILLO GRANDE,100608,10,02,06
HUANUCO,MARA%ON,HUACRACHUCO,100701,10,06,06
HUANUCO,MARA%ON,CHOLON,100702,10,11,07
HUANUCO,MARA%ON,SAN BUENAVENTURA,100703,10,05,07
HUANUCO,PACHITEA,PANAO,100801,10,01,07
HUANUCO,PACHITEA,CHAGLLA,100802,10,03,07
HUANUCO,PACHITEA,MOLINO,100803,10,02,07
HUANUCO,PACHITEA,UMARI,100804,10,10,07
HUANUCO,PUERTO INCA,PUERTO INCA,100901,10,11,08
HUANUCO,PUERTO INCA,CODO DEL POZUZO,100902,10,06,08
HUANUCO,PUERTO INCA,HONORIA,100903,10,02,08
HUANUCO,PUERTO INCA,TOURNAVISTA,100904,10,01,08
HUANUCO,PUERTO INCA,YUYAPICHIS,100905,10,05,08
HUANUCO,LAURICOCHA,JESUS,101001,10,01,09
HUANUCO,LAURICOCHA,BAÑOS,101002,10,05,09
HUANUCO,LAURICOCHA,JIVIA,101003,10,01,10
HUANUCO,LAURICOCHA,QUEROPALCA,101004,10,05,10
HUANUCO,LAURICOCHA,RONDOS,101005,10,01,11
HUANUCO,LAURICOCHA,SAN FRANCISCO DE ASIS,101006,10,05,11
HUANUCO,LAURICOCHA,SAN MIGUEL DE CAURI,101007,10,03,11
HUANUCO,YAROWILCA,CHAVINILLO,101101,10,01,12
HUANUCO,YAROWILCA,CAHUAC,101102,10,01,13
HUANUCO,YAROWILCA,CHACABAMBA,101103,10,03,13
HUANUCO,YAROWILCA,APARICIO POMARES,101104,10,03,16
HUANUCO,YAROWILCA,JACAS CHICO,101105,10,03,17
HUANUCO,YAROWILCA,OBAS,101106,10,03,21
HUANUCO,YAROWILCA,PAMPAMARCA,101107,10,03,22
HUANUCO,YAROWILCA,CHORAS,101108,10,03,23
ICA,ICA,ICA,110101,11,04,01
ICA,ICA,LA TINGUIÑA,110102,11,02,01
ICA,ICA,LOS AQUIJES,110103,11,05,01
ICA,ICA,OCUCAJE,110104,11,01,01
ICA,ICA,PACHACUTEC,110105,11,03,01
ICA,ICA,PARCONA,110106,11,05,02
ICA,ICA,PUEBLO NUEVO,110107,11,03,02
ICA,ICA,SALAS,110108,11,04,02
ICA,ICA,SAN JOSE DE LOS MOLINOS,110109,11,02,02
ICA,ICA,SAN JUAN BAUTISTA,110110,11,01,02
ICA,ICA,SANTIAGO,110111,11,03,03
ICA,ICA,SUBTANJALLA,110112,11,04,03
ICA,ICA,TATE,110113,11,02,03
ICA,ICA,YAUCA DEL ROSARIO  1/,110114,11,05,03
ICA,CHINCHA,CHINCHA ALTA,110201,11,01,03
ICA,CHINCHA,ALTO LARAN,110202,11,04,04
ICA,CHINCHA,CHAVIN,110203,11,01,04
ICA,CHINCHA,CHINCHA BAJA,110204,11,05,04
ICA,CHINCHA,EL CARMEN,110205,11,02,04
ICA,CHINCHA,GROCIO PRADO,110206,11,03,04
ICA,CHINCHA,PUEBLO NUEVO,110207,11,01,05
ICA,CHINCHA,SAN JUAN DE YANAC,110208,11,03,05
ICA,CHINCHA,SAN PEDRO DE HUACARPANA,110209,11,05,05
ICA,CHINCHA,SUNAMPE,110210,11,02,05
ICA,CHINCHA,TAMBO DE MORA,110211,11,04,05
ICA,NAZCA,NAZCA,110301,11,01,06
ICA,NAZCA,CHANGUILLO,110302,11,02,06
ICA,NAZCA,EL INGENIO,110303,11,05,06
ICA,NAZCA,MARCONA,110304,11,02,07
ICA,NAZCA,VISTA ALEGRE,110305,11,01,07
ICA,PALPA,PALPA,110401,11,05,07
ICA,PALPA,LLIPATA,110402,11,05,08
ICA,PALPA,RIO GRANDE,110403,11,01,08
ICA,PALPA,SANTA CRUZ,110404,11,02,08
ICA,PALPA,TIBILLO,110405,11,01,09
ICA,PISCO,PISCO,110501,11,02,09
ICA,PISCO,HUANCANO,110502,11,02,10
ICA,PISCO,HUMAY,110503,11,01,10
ICA,PISCO,INDEPENDENCIA,110504,11,02,11
ICA,PISCO,PARACAS,110505,11,01,11
ICA,PISCO,SAN ANDRES,110506,11,01,12
ICA,PISCO,SAN CLEMENTE,110507,11,01,13
ICA,PISCO,TUPAC AMARU INCA,110508,11,01,14
JUNIN,HUANCAYO,HUANCAYO,120101,12,09,01
JUNIN,HUANCAYO,CARHUACALLANGA,120104,12,05,01
JUNIN,HUANCAYO,CHACAPAMPA,120105,12,06,01
JUNIN,HUANCAYO,CHICCHE,120106,12,08,01
JUNIN,HUANCAYO,CHILCA,120107,12,03,01
JUNIN,HUANCAYO,CHONGOS ALTO,120108,12,07,01
JUNIN,HUANCAYO,CHUPURO,120111,12,04,01
JUNIN,HUANCAYO,COLCA,120112,12,01,01
JUNIN,HUANCAYO,CULLHUAS,120113,12,02,01
JUNIN,HUANCAYO,EL TAMBO,120114,12,04,02
JUNIN,HUANCAYO,HUACRAPUQUIO,120116,12,03,02
JUNIN,HUANCAYO,HUALHUAS,120117,12,09,02
JUNIN,HUANCAYO,HUANCAN,120119,12,05,02
JUNIN,HUANCAYO,HUASICANCHA,120120,12,06,02
JUNIN,HUANCAYO,HUAYUCACHI,120121,12,08,02
JUNIN,HUANCAYO,INGENIO,120122,12,07,02
JUNIN,HUANCAYO,PARIAHUANCA   1/,120124,12,02,02
JUNIN,HUANCAYO,PILCOMAYO,120125,12,06,03
JUNIN,HUANCAYO,PUCARA,120126,12,03,03
JUNIN,HUANCAYO,QUICHUAY,120127,12,05,03
JUNIN,HUANCAYO,QUILCAS,120128,12,04,03
JUNIN,HUANCAYO,SAN AGUSTIN,120129,12,09,03
JUNIN,HUANCAYO,SAN JERONIMO DE TUNAN,120130,12,02,03
JUNIN,HUANCAYO,SAÑO,120132,12,07,03
JUNIN,HUANCAYO,SAPALLANGA,120133,12,08,03
JUNIN,HUANCAYO,SICAYA,120134,12,06,04
JUNIN,HUANCAYO,SANTO DOMINGO DE ACOBAMBA,120135,12,07,04
JUNIN,HUANCAYO,VIQUES,120136,12,04,04
JUNIN,CONCEPCION,CONCEPCION,120201,12,08,04
JUNIN,CONCEPCION,ACO,120202,12,01,04
JUNIN,CONCEPCION,ANDAMARCA,120203,12,09,04
JUNIN,CONCEPCION,CHAMBARA,120204,12,05,04
JUNIN,CONCEPCION,COCHAS,120205,12,02,04
JUNIN,CONCEPCION,COMAS,120206,12,03,04
JUNIN,CONCEPCION,HEROINAS TOLEDO,120207,12,08,05
JUNIN,CONCEPCION,MANZANARES,120208,12,03,05
JUNIN,CONCEPCION,MARISCAL CASTILLA,120209,12,06,05
JUNIN,CONCEPCION,MATAHUASI,120210,12,07,05
JUNIN,CONCEPCION,MITO,120211,12,02,05
JUNIN,CONCEPCION,NUEVE DE JULIO,120212,12,09,05
JUNIN,CONCEPCION,ORCOTUNA,120213,12,04,05
JUNIN,CONCEPCION,SAN JOSE DE QUERO,120214,12,01,05
JUNIN,CONCEPCION,SANTA ROSA DE OCOPA,120215,12,08,06
JUNIN,CHANCHAMAYO,CHANCHAMAYO,120301,12,09,06
JUNIN,CHANCHAMAYO,PERENE,120302,12,03,06
JUNIN,CHANCHAMAYO,PICHANAQUI,120303,12,01,06
JUNIN,CHANCHAMAYO,SAN LUIS DE SHUARO,120304,12,07,06
JUNIN,CHANCHAMAYO,SAN RAMON,120305,12,02,06
JUNIN,CHANCHAMAYO,VITOC,120306,12,06,06
JUNIN,JAUJA,JAUJA,120401,12,04,06
JUNIN,JAUJA,ACOLLA,120402,12,04,07
JUNIN,JAUJA,APATA,120403,12,08,07
JUNIN,JAUJA,ATAURA,120404,12,07,07
JUNIN,JAUJA,CANCHAYLLO,120405,12,09,07
JUNIN,JAUJA,CURICACA,120406,12,02,07
JUNIN,JAUJA,EL MANTARO,120407,12,01,07
JUNIN,JAUJA,HUAMALI,120408,12,06,07
JUNIN,JAUJA,HUARIPAMPA,120409,12,06,08
JUNIN,JAUJA,HUERTAS,120410,12,07,08
JUNIN,JAUJA,JANJAILLO,120411,12,09,08
JUNIN,JAUJA,JULCAN,120412,12,08,08
JUNIN,JAUJA,LEONOR ORDOÑEZ,120413,12,01,08
JUNIN,JAUJA,LLOCLLAPAMPA,120414,12,02,08
JUNIN,JAUJA,MARCO,120415,12,04,08
JUNIN,JAUJA,MASMA,120416,12,07,09
JUNIN,JAUJA,MASMA CHICCHE,120417,12,09,09
JUNIN,JAUJA,MOLINOS,120418,12,04,09
JUNIN,JAUJA,MONOBAMBA,120419,12,02,09
JUNIN,JAUJA,MUQUI,120420,12,08,09
JUNIN,JAUJA,MUQUIYAUYO,120421,12,08,10
JUNIN,JAUJA,PACA,120422,12,04,10
JUNIN,JAUJA,PACCHA,120423,12,02,10
JUNIN,JAUJA,PANCAN,120424,12,01,11
JUNIN,JAUJA,PARCO,120425,12,02,11
JUNIN,JAUJA,POMACANCHA,120426,12,04,11
JUNIN,JAUJA,RICRAN,120427,12,02,12
JUNIN,JAUJA,SAN LORENZO,120428,12,01,12
JUNIN,JAUJA,SAN PEDRO DE CHUNAN,120429,12,04,12
JUNIN,JAUJA,SAUSA,120430,12,02,13
JUNIN,JAUJA,SINCOS,120431,12,04,13
JUNIN,JAUJA,TUNAN MARCA,120432,12,01,13
JUNIN,JAUJA,YAULI,120433,12,01,14
JUNIN,JAUJA,YAUYOS,120434,12,04,14
JUNIN,JUNIN,JUNIN,120501,12,02,14
JUNIN,JUNIN,CARHUAMAYO,120502,12,04,15
JUNIN,JUNIN,ONDORES,120503,12,02,15
JUNIN,JUNIN,ULCUMAYO,120504,12,01,16
JUNIN,SATIPO,SATIPO,120601,12,04,16
JUNIN,SATIPO,COVIRIALI,120602,12,01,17
JUNIN,SATIPO,LLAYLLA,120603,12,04,17
JUNIN,SATIPO,MAZAMARI,120604,12,04,18
JUNIN,SATIPO,PAMPA HERMOSA,120605,12,04,19
JUNIN,SATIPO,PANGOA,120606,12,01,19
JUNIN,SATIPO,RIO NEGRO,120607,12,04,20
JUNIN,SATIPO,RIO TAMBO,120608,12,01,20
JUNIN,TARMA,TARMA,120701,12,01,21
JUNIN,TARMA,ACOBAMBA,120702,12,04,21
JUNIN,TARMA,HUARICOLCA,120703,12,01,22
JUNIN,TARMA,HUASAHUASI,120704,12,04,22
JUNIN,TARMA,LA UNION,120705,12,04,23
JUNIN,TARMA,PALCA,120706,12,01,24
JUNIN,TARMA,PALCAMAYO,120707,12,04,24
JUNIN,TARMA,SAN PEDRO DE CAJAS,120708,12,04,25
JUNIN,TARMA,TAPO,120709,12,01,25
JUNIN,YAULI,LA OROYA,120801,12,04,26
JUNIN,YAULI,CHACAPALPA,120802,12,01,26
JUNIN,YAULI,HUAY-HUAY,120803,12,01,27
JUNIN,YAULI,MARCAPOMACOCHA,120804,12,04,27
JUNIN,YAULI,MOROCOCHA,120805,12,01,28
JUNIN,YAULI,PACCHA,120806,12,04,28
JUNIN,YAULI,SANTA BARBARA DE CARHUACAYAN,120807,12,01,29
JUNIN,YAULI,SANTA ROSA DE SACCO,120808,12,04,29
JUNIN,YAULI,SUITUCANCHA,120809,12,04,30
JUNIN,YAULI,YAULI,120810,12,01,30
JUNIN,CHUPACA,CHUPACA,120901,12,04,31
JUNIN,CHUPACA,AHUAC,120902,12,01,32
JUNIN,CHUPACA,CHONGOS BAJO,120903,12,04,32
JUNIN,CHUPACA,HUACHAC,120904,12,04,33
JUNIN,CHUPACA,HUAMANCACA CHICO,120905,12,01,33
JUNIN,CHUPACA,SAN JUAN DE ISCOS,120906,12,01,34
JUNIN,CHUPACA,SAN JUAN DE JARPA,120907,12,04,34
JUNIN,CHUPACA,TRES DE DICIEMBRE,120908,12,01,35
JUNIN,CHUPACA,YANACANCHA,120909,12,01,36
LA LIBERTAD,TRUJILLO,TRUJILLO,130101,13,02,01
LA LIBERTAD,TRUJILLO,EL PORVENIR,130102,13,03,01
LA LIBERTAD,TRUJILLO,FLORENCIA DE MORA,130103,13,12,01
LA LIBERTAD,TRUJILLO,HUANCHACO,130104,13,06,01
LA LIBERTAD,TRUJILLO,LA ESPERANZA,130105,13,11,01
LA LIBERTAD,TRUJILLO,LAREDO,130106,13,05,01
LA LIBERTAD,TRUJILLO,MOCHE,130107,13,07,01
LA LIBERTAD,TRUJILLO,POROTO,130108,13,01,01
LA LIBERTAD,TRUJILLO,SALAVERRY,130109,13,08,01
LA LIBERTAD,TRUJILLO,SIMBAL,130110,13,09,01
LA LIBERTAD,TRUJILLO,VICTOR LARCO HERRERA,130111,13,10,01
LA LIBERTAD,ASCOPE,ASCOPE,130201,13,04,01
LA LIBERTAD,ASCOPE,CHICAMA,130202,13,11,02
LA LIBERTAD,ASCOPE,CHOCOPE,130203,13,07,02
LA LIBERTAD,ASCOPE,MAGDALENA DE CAO,130204,13,09,02
LA LIBERTAD,ASCOPE,PAIJAN,130205,13,10,02
LA LIBERTAD,ASCOPE,RAZURI,130206,13,06,02
LA LIBERTAD,ASCOPE,SANTIAGO DE CAO,130207,13,12,02
LA LIBERTAD,ASCOPE,CASA GRANDE,130208,13,03,02
LA LIBERTAD,BOLIVAR,BOLIVAR,130301,13,04,02
LA LIBERTAD,BOLIVAR,BAMBAMARCA,130302,13,08,02
LA LIBERTAD,BOLIVAR,CONDORMARCA /1,130303,13,05,02
LA LIBERTAD,BOLIVAR,LONGOTEA,130304,13,01,02
LA LIBERTAD,BOLIVAR,UCHUMARCA,130305,13,02,02
LA LIBERTAD,BOLIVAR,UCUNCHA,130306,13,04,03
LA LIBERTAD,CHEPEN,CHEPEN,130401,13,12,03
LA LIBERTAD,CHEPEN,PACANGA,130402,13,09,03
LA LIBERTAD,CHEPEN,PUEBLO NUEVO,130403,13,03,03
LA LIBERTAD,JULCAN,JULCAN,130501,13,08,03
LA LIBERTAD,JULCAN,CALAMARCA,130502,13,01,03
LA LIBERTAD,JULCAN,CARABAMBA,130503,13,11,03
LA LIBERTAD,JULCAN,HUASO,130504,13,05,03
LA LIBERTAD,OTUZCO,OTUZCO,130601,13,07,03
LA LIBERTAD,OTUZCO,AGALLPAMPA,130602,13,10,03
LA LIBERTAD,OTUZCO,CHARAT,130604,13,02,03
LA LIBERTAD,OTUZCO,HUARANCHAL,130605,13,07,04
LA LIBERTAD,OTUZCO,LA CUESTA,130606,13,08,04
LA LIBERTAD,OTUZCO,MACHE,130608,13,02,04
LA LIBERTAD,OTUZCO,PARANDAY,130610,13,05,04
LA LIBERTAD,OTUZCO,SALPO,130611,13,01,04
LA LIBERTAD,OTUZCO,SINSICAP,130613,13,03,04
LA LIBERTAD,OTUZCO,USQUIL,130614,13,11,04
LA LIBERTAD,PACASMAYO,SAN PEDRO DE LLOC,130701,13,06,04
LA LIBERTAD,PACASMAYO,GUADALUPE,130702,13,09,04
LA LIBERTAD,PACASMAYO,JEQUETEPEQUE,130703,13,10,04
LA LIBERTAD,PACASMAYO,PACASMAYO,130704,13,07,05
LA LIBERTAD,PACASMAYO,SAN JOSE,130705,13,06,05
LA LIBERTAD,PATAZ,TAYABAMBA,130801,13,08,05
LA LIBERTAD,PATAZ,BULDIBUYO,130802,13,01,05
LA LIBERTAD,PATAZ,CHILLIA,130803,13,10,05
LA LIBERTAD,PATAZ,HUANCASPATA,130804,13,09,05
LA LIBERTAD,PATAZ,HUAYLILLAS,130805,13,03,05
LA LIBERTAD,PATAZ,HUAYO,130806,13,02,05
LA LIBERTAD,PATAZ,ONGON,130807,13,06,06
LA LIBERTAD,PATAZ,PARCOY,130808,13,02,06
LA LIBERTAD,PATAZ,PATAZ,130809,13,09,06
LA LIBERTAD,PATAZ,PIAS,130810,13,03,06
LA LIBERTAD,PATAZ,SANTIAGO DE CHALLAS,130811,13,01,06
LA LIBERTAD,PATAZ,TAURIJA,130812,13,10,06
LA LIBERTAD,PATAZ,URPAY,130813,13,08,06
LA LIBERTAD,SANCHEZ CARRION,HUAMACHUCO,130901,13,02,07
LA LIBERTAD,SANCHEZ CARRION,CHUGAY,130902,13,09,07
LA LIBERTAD,SANCHEZ CARRION,COCHORCO,130903,13,01,07
LA LIBERTAD,SANCHEZ CARRION,CURGOS,130904,13,10,07
LA LIBERTAD,SANCHEZ CARRION,MARCABAL,130905,13,08,07
LA LIBERTAD,SANCHEZ CARRION,SANAGORAN,130906,13,06,08
LA LIBERTAD,SANCHEZ CARRION,SARIN,130907,13,10,08
LA LIBERTAD,SANCHEZ CARRION,SARTIMBAMBA,130908,13,01,08
LA LIBERTAD,SANTIAGO DE CHUCO,SANTIAGO DE CHUCO,131001,13,02,08
LA LIBERTAD,SANTIAGO DE CHUCO,ANGASMARCA,131002,13,08,08
LA LIBERTAD,SANTIAGO DE CHUCO,CACHICADAN,131003,13,09,08
LA LIBERTAD,SANTIAGO DE CHUCO,MOLLEBAMBA,131004,13,08,09
LA LIBERTAD,SANTIAGO DE CHUCO,MOLLEPATA,131005,13,01,09
LA LIBERTAD,SANTIAGO DE CHUCO,QUIRUVILCA,131006,13,06,10
LA LIBERTAD,SANTIAGO DE CHUCO,SANTA CRUZ DE CHUCA,131007,13,01,10
LA LIBERTAD,SANTIAGO DE CHUCO,SITABAMBA,131008,13,08,10
LA LIBERTAD,GRAN CHIMU,CASCAS,131101,13,01,11
LA LIBERTAD,GRAN CHIMU,LUCMA,131102,13,08,11
LA LIBERTAD,GRAN CHIMU,COMPIN,131103,13,06,11
LA LIBERTAD,GRAN CHIMU,SAYAPULLO,131104,13,08,12
LA LIBERTAD,VIRU,VIRU,131201,13,06,13
LA LIBERTAD,VIRU,CHAO,131202,13,08,13
LA LIBERTAD,VIRU,GUADALUPITO,131203,13,06,14
LAMBAYEQUE,CHICLAYO,CHICLAYO,140101,14,02,01
LAMBAYEQUE,CHICLAYO,CHONGOYAPE,140102,14,01,01
LAMBAYEQUE,CHICLAYO,ETEN,140103,14,03,01
LAMBAYEQUE,CHICLAYO,ETEN PUERTO,140104,14,02,02
LAMBAYEQUE,CHICLAYO,JOSE LEONARDO ORTIZ,140105,14,03,02
LAMBAYEQUE,CHICLAYO,LA VICTORIA,140106,14,01,02
LAMBAYEQUE,CHICLAYO,LAGUNAS,140107,14,02,03
LAMBAYEQUE,CHICLAYO,MONSEFU,140108,14,01,03
LAMBAYEQUE,CHICLAYO,NUEVA ARICA,140109,14,03,03
LAMBAYEQUE,CHICLAYO,OYOTUN,140110,14,02,04
LAMBAYEQUE,CHICLAYO,PICSI,140111,14,03,04
LAMBAYEQUE,CHICLAYO,PIMENTEL,140112,14,01,04
LAMBAYEQUE,CHICLAYO,REQUE,140113,14,01,05
LAMBAYEQUE,CHICLAYO,SANTA ROSA,140114,14,02,05
LAMBAYEQUE,CHICLAYO,SAÑA,140115,14,03,05
LAMBAYEQUE,CHICLAYO,CAYALTI,140116,14,03,06
LAMBAYEQUE,CHICLAYO,PATAPO,140117,14,01,06
LAMBAYEQUE,CHICLAYO,POMALCA,140118,14,02,06
LAMBAYEQUE,CHICLAYO,PUCALA,140119,14,01,07
LAMBAYEQUE,CHICLAYO,TUMAN,140120,14,03,07
LAMBAYEQUE,FERREQAFE,FERREÑAFE,140201,14,01,08
LAMBAYEQUE,FERREQAFE,CAÑARIS,140202,14,03,08
LAMBAYEQUE,FERREQAFE,INCAHUASI,140203,14,01,09
LAMBAYEQUE,FERREQAFE,MANUEL ANTONIO MESONES MURO,140204,14,03,09
LAMBAYEQUE,FERREQAFE,PITIPO,140205,14,01,10
LAMBAYEQUE,FERREQAFE,PUEBLO NUEVO,140206,14,03,10
LAMBAYEQUE,LAMBAYEQUE,LAMBAYEQUE,140301,14,03,11
LAMBAYEQUE,LAMBAYEQUE,CHOCHOPE,140302,14,01,11
LAMBAYEQUE,LAMBAYEQUE,ILLIMO,140303,14,01,12
LAMBAYEQUE,LAMBAYEQUE,JAYANCA,140304,14,03,12
LAMBAYEQUE,LAMBAYEQUE,MOCHUMI,140305,14,01,13
LAMBAYEQUE,LAMBAYEQUE,MORROPE,140306,14,01,14
LAMBAYEQUE,LAMBAYEQUE,MOTUPE,140307,14,01,15
LAMBAYEQUE,LAMBAYEQUE,OLMOS,140308,14,01,16
LAMBAYEQUE,LAMBAYEQUE,PACORA,140309,14,01,17
LAMBAYEQUE,LAMBAYEQUE,SALAS,140310,14,01,18
LAMBAYEQUE,LAMBAYEQUE,SAN JOSE,140311,14,01,19
LAMBAYEQUE,LAMBAYEQUE,TUCUME,140312,14,01,20
LIMA,LIMA,LIMA,150101,15,03,01
LIMA,LIMA,ANCON,150102,15,02,01
LIMA,LIMA,ATE,150103,15,05,01
LIMA,LIMA,BARRANCO,150104,15,04,01
LIMA,LIMA,BREÑA,150105,15,07,01
LIMA,LIMA,CARABAYLLO,150106,15,09,01
LIMA,LIMA,CHACLACAYO,150107,15,08,01
LIMA,LIMA,CHORRILLOS,150108,15,06,01
LIMA,LIMA,CIENEGUILLA,150109,15,10,01
LIMA,LIMA,COMAS,150110,15,01,01
LIMA,LIMA,EL AGUSTINO,150111,15,05,02
LIMA,LIMA,INDEPENDENCIA,150112,15,03,02
LIMA,LIMA,JESUS MARIA,150113,15,09,02
LIMA,LIMA,LA MOLINA,150114,15,06,02
LIMA,LIMA,LA VICTORIA,150115,15,10,02
LIMA,LIMA,LINCE,150116,15,04,02
LIMA,LIMA,LOS OLIVOS,150117,15,08,02
LIMA,LIMA,LURIGANCHO,150118,15,01,02
LIMA,LIMA,LURIN,150119,15,07,02
LIMA,LIMA,MAGDALENA DEL MAR,150120,15,02,02
LIMA,LIMA,PUEBLO LIBRE,150121,15,02,03
LIMA,LIMA,MIRAFLORES,150122,15,07,03
LIMA,LIMA,PACHACAMAC,150123,15,03,03
LIMA,LIMA,PUCUSANA,150124,15,06,03
LIMA,LIMA,PUENTE PIEDRA,150125,15,04,03
LIMA,LIMA,PUNTA HERMOSA,150126,15,05,03
LIMA,LIMA,PUNTA NEGRA,150127,15,09,03
LIMA,LIMA,RIMAC,150128,15,01,03
LIMA,LIMA,SAN BARTOLO,150129,15,08,03
LIMA,LIMA,SAN BORJA,150130,15,10,03
LIMA,LIMA,SAN ISIDRO,150131,15,10,04
LIMA,LIMA,SAN JUAN DE LURIGANCHO,150132,15,01,04
LIMA,LIMA,SAN JUAN DE MIRAFLORES,150133,15,07,04
LIMA,LIMA,SAN LUIS,150134,15,05,04
LIMA,LIMA,SAN MARTIN DE PORRES,150135,15,09,04
LIMA,LIMA,SAN MIGUEL,150136,15,06,04
LIMA,LIMA,SANTA ANITA,150137,15,08,04
LIMA,LIMA,SANTA MARIA DEL MAR,150138,15,04,04
LIMA,LIMA,SANTA ROSA,150139,15,02,04
LIMA,LIMA,SANTIAGO DE SURCO,150140,15,03,04
LIMA,LIMA,SURQUILLO,150141,15,01,05
LIMA,LIMA,VILLA EL SALVADOR,150142,15,02,05
LIMA,LIMA,VILLA MARIA DEL TRIUNFO,150143,15,08,05
LIMA,LIMA,NO INDICA,150199,15,04,05
LIMA,BARRANCA,BARRANCA,150201,15,06,05
LIMA,BARRANCA,PARAMONGA,150202,15,09,05
LIMA,BARRANCA,PATIVILCA,150203,15,05,05
LIMA,BARRANCA,SUPE,150204,15,10,05
LIMA,BARRANCA,SUPE PUERTO,150205,15,03,05
LIMA,CAJATAMBO,CAJATAMBO,150301,15,07,05
LIMA,CAJATAMBO,COPA,150302,15,06,06
LIMA,CAJATAMBO,GORGOR,150303,15,09,06
LIMA,CAJATAMBO,HUANCAPON,150304,15,05,06
LIMA,CAJATAMBO,MANAS,150305,15,01,06
LIMA,CANTA,CANTA,150401,15,10,06
LIMA,CANTA,ARAHUAY,150402,15,07,06
LIMA,CANTA,HUAMANTANGA,150403,15,08,06
LIMA,CANTA,HUAROS,150404,15,04,06
LIMA,CANTA,LACHAQUI,150405,15,04,07
LIMA,CANTA,SAN BUENAVENTURA,150406,15,05,07
LIMA,CANTA,SANTA ROSA DE QUIVES,150407,15,10,07
LIMA,CAÑETE,SAN VICENTE DE CAÑETE,150501,15,01,07
LIMA,CAÑETE,ASIA,150502,15,06,07
LIMA,CAÑETE,CALANGO,150503,15,08,07
LIMA,CAÑETE,CERRO AZUL,150504,15,07,07
LIMA,CAÑETE,CHILCA,150505,15,05,08
LIMA,CAÑETE,COAYLLO,150506,15,10,08
LIMA,CAÑETE,IMPERIAL,150507,15,07,08
LIMA,CAÑETE,LUNAHUANA,150508,15,06,08
LIMA,CAÑETE,MALA,150509,15,08,08
LIMA,CAÑETE,NUEVO IMPERIAL,150510,15,01,08
LIMA,CAÑETE,PACARAN,150511,15,08,09
LIMA,CAÑETE,QUILMANA,150512,15,01,09
LIMA,CAÑETE,SAN ANTONIO,150513,15,06,09
LIMA,CAÑETE,SAN LUIS,150514,15,07,09
LIMA,CAÑETE,SANTA CRUZ DE FLORES,150515,15,05,09
LIMA,CAÑETE,ZUÑIGA,150516,15,10,09
LIMA,HUARAL,HUARAL,150601,15,06,10
LIMA,HUARAL,ATAVILLOS ALTO,150602,15,07,10
LIMA,HUARAL,ATAVILLOS BAJO,150603,15,10,10
LIMA,HUARAL,AUCALLAMA,150604,15,05,10
LIMA,HUARAL,CHANCAY,150605,15,08,10
LIMA,HUARAL,IHUARI,150606,15,01,10
LIMA,HUARAL,LAMPIAN,150607,15,07,11
LIMA,HUARAL,PACARAOS,150608,15,10,11
LIMA,HUARAL,SAN MIGUEL DE ACOS,150609,15,01,11
LIMA,HUARAL,SANTA CRUZ DE ANDAMARCA,150610,15,06,11
LIMA,HUARAL,SUMBILCA,150611,15,08,11
LIMA,HUARAL,VEINTISIETE DE NOVIEMBRE,150612,15,05,11
LIMA,HUAROCHIRI,MATUCANA,150701,15,08,12
LIMA,HUAROCHIRI,ANTIOQUIA,150702,15,05,12
LIMA,HUAROCHIRI,CALLAHUANCA,150703,15,10,12
LIMA,HUAROCHIRI,CARAMPOMA,150704,15,07,12
LIMA,HUAROCHIRI,CHICLA,150705,15,06,12
LIMA,HUAROCHIRI,CUENCA,150706,15,01,12
LIMA,HUAROCHIRI,HUACHUPAMPA,150707,15,05,13
LIMA,HUAROCHIRI,HUANZA,150708,15,07,13
LIMA,HUAROCHIRI,HUAROCHIRI,150709,15,01,13
LIMA,HUAROCHIRI,LAHUAYTAMBO,150710,15,10,13
LIMA,HUAROCHIRI,LANGA,150711,15,01,14
LIMA,HUAROCHIRI,LARAOS,150712,15,05,14
LIMA,HUAROCHIRI,MARIATANA,150713,15,10,14
LIMA,HUAROCHIRI,RICARDO PALMA,150714,15,07,14
LIMA,HUAROCHIRI,SAN ANDRES DE TUPICOCHA,150715,15,05,15
LIMA,HUAROCHIRI,SAN ANTONIO,150716,15,10,15
LIMA,HUAROCHIRI,SAN BARTOLOME,150717,15,01,15
LIMA,HUAROCHIRI,SAN DAMIAN,150718,15,07,15
LIMA,HUAROCHIRI,SAN JUAN DE IRIS,150719,15,05,16
LIMA,HUAROCHIRI,SAN JUAN DE TANTARANCHE,150720,15,07,16
LIMA,HUAROCHIRI,SAN LORENZO DE QUINTI,150721,15,01,16
LIMA,HUAROCHIRI,SAN MATEO,150722,15,10,16
LIMA,HUAROCHIRI,SAN MATEO DE OTAO,150723,15,10,17
LIMA,HUAROCHIRI,SAN PEDRO DE CASTA,150724,15,01,17
LIMA,HUAROCHIRI,SAN PEDRO DE HUANCAYRE,150725,15,07,17
LIMA,HUAROCHIRI,SANGALLAYA,150726,15,10,18
LIMA,HUAROCHIRI,SANTA CRUZ DE COCACHACRA,150727,15,01,18
LIMA,HUAROCHIRI,SANTA EULALIA,150728,15,07,18
LIMA,HUAROCHIRI,SANTIAGO DE ANCHUCAYA,150729,15,07,19
LIMA,HUAROCHIRI,SANTIAGO DE TUNA,150730,15,01,19
LIMA,HUAROCHIRI,SANTO DOMINGO DE LOS OLLEROS,150731,15,10,19
LIMA,HUAROCHIRI,SURCO,150732,15,01,20
LIMA,HUAURA,HUACHO,150801,15,10,20
LIMA,HUAURA,AMBAR,150802,15,07,20
LIMA,HUAURA,CALETA DE CARQUIN,150803,15,07,21
LIMA,HUAURA,CHECRAS,150804,15,10,21
LIMA,HUAURA,HUALMAY,150805,15,01,21
LIMA,HUAURA,HUAURA,150806,15,07,22
LIMA,HUAURA,LEONCIO PRADO,150807,15,10,22
LIMA,HUAURA,PACCHO,150808,15,01,22
LIMA,HUAURA,SANTA LEONOR,150809,15,01,23
LIMA,HUAURA,SANTA MARIA,150810,15,10,23
LIMA,HUAURA,SAYAN,150811,15,07,23
LIMA,HUAURA,VEGUETA,150812,15,07,24
LIMA,OYON,OYON,150901,15,10,24
LIMA,OYON,ANDAJES,150902,15,01,24
LIMA,OYON,CAUJUL,150903,15,01,25
LIMA,OYON,COCHAMARCA,150904,15,07,25
LIMA,OYON,NAVAN,150905,15,10,25
LIMA,OYON,PACHANGARA,150906,15,01,26
LIMA,YAUYOS,YAUYOS,151001,15,10,26
LIMA,YAUYOS,ALIS,151002,15,07,26
LIMA,YAUYOS,ALLAUCA,151003,15,01,27
LIMA,YAUYOS,AYAVIRI,151004,15,10,27
LIMA,YAUYOS,AZANGARO,151005,15,07,27
LIMA,YAUYOS,CACRA,151006,15,10,28
LIMA,YAUYOS,CARANIA,151007,15,07,28
LIMA,YAUYOS,CATAHUASI,151008,15,01,28
LIMA,YAUYOS,CHOCOS,151009,15,07,29
LIMA,YAUYOS,COCHAS,151010,15,01,29
LIMA,YAUYOS,COLONIA,151011,15,10,29
LIMA,YAUYOS,HONGOS,151012,15,01,30
LIMA,YAUYOS,HUAMPARA,151013,15,10,30
LIMA,YAUYOS,HUANCAYA,151014,15,07,30
LIMA,YAUYOS,HUANGASCAR,151015,15,01,31
LIMA,YAUYOS,HUANTAN,151016,15,10,31
LIMA,YAUYOS,HUAÑEC,151017,15,07,31
LIMA,YAUYOS,LARAOS,151018,15,10,32
LIMA,YAUYOS,LINCHA,151019,15,07,32
LIMA,YAUYOS,MADEAN,151020,15,01,32
LIMA,YAUYOS,MIRAFLORES,151021,15,01,33
LIMA,YAUYOS,OMAS,151022,15,10,33
LIMA,YAUYOS,PUTINZA,151023,15,01,34
LIMA,YAUYOS,QUINCHES,151024,15,01,35
LIMA,YAUYOS,QUINOCAY,151025,15,01,36
LIMA,YAUYOS,SAN JOAQUIN,151026,15,01,37
LIMA,YAUYOS,SAN PEDRO DE PILAS,151027,15,01,38
LIMA,YAUYOS,TANTA,151028,15,01,39
LIMA,YAUYOS,TAURIPAMPA,151029,15,01,40
LIMA,YAUYOS,TOMAS,151030,15,01,41
LIMA,YAUYOS,TUPE,151031,15,01,42
LIMA,YAUYOS,VIÑAC,151032,15,01,43
LIMA,YAUYOS,VITIS,151033,15,01,99
LORETO,MAYNAS,IQUITOS,160101,16,01,01
LORETO,MAYNAS,ALTO NANAY,160102,16,03,01
LORETO,MAYNAS,FERNANDO LORES,160103,16,04,01
LORETO,MAYNAS,INDIANA,160104,16,06,01
LORETO,MAYNAS,LAS AMAZONAS,160105,16,05,01
LORETO,MAYNAS,MAZAN,160106,16,07,01
LORETO,MAYNAS,NAPO,160107,16,08,01
LORETO,MAYNAS,PUNCHANA,160108,16,02,01
LORETO,MAYNAS,PUTUMAYO,160109,16,07,02
LORETO,MAYNAS,TORRES CAUSANA,160110,16,05,02
LORETO,MAYNAS,BELEN,160112,16,06,02
LORETO,MAYNAS,SAN JUAN BAUTISTA,160113,16,04,02
LORETO,MAYNAS,TENIENTE MANUEL CLAVERO,160114,16,01,02
LORETO,ALTO AMAZONAS,YURIMAGUAS,160201,16,02,02
LORETO,ALTO AMAZONAS,BALSAPUERTO,160202,16,08,02
LORETO,ALTO AMAZONAS,JEBEROS,160205,16,03,02
LORETO,ALTO AMAZONAS,LAGUNAS,160206,16,08,03
LORETO,ALTO AMAZONAS,SANTA CRUZ,160210,16,06,03
LORETO,ALTO AMAZONAS,TENIENTE CESAR LOPEZ ROJAS,160211,16,03,03
LORETO,LORETO,NAUTA,160301,16,07,03
LORETO,LORETO,PARINARI,160302,16,05,03
LORETO,LORETO,TIGRE,160303,16,04,03
LORETO,LORETO,TROMPETEROS,160304,16,01,03
LORETO,LORETO,URARINAS,160305,16,03,04
LORETO,MARISCAL RAMON CASTILLA,RAMON CASTILLA,160401,16,04,04
LORETO,MARISCAL RAMON CASTILLA,PEBAS,160402,16,05,04
LORETO,MARISCAL RAMON CASTILLA,YAVARI  /1,160403,16,08,04
LORETO,MARISCAL RAMON CASTILLA,SAN PABLO,160404,16,07,04
LORETO,REQUENA,REQUENA,160501,16,01,04
LORETO,REQUENA,ALTO TAPICHE,160502,16,06,04
LORETO,REQUENA,CAPELO,160503,16,06,05
LORETO,REQUENA,EMILIO SAN MARTIN,160504,16,05,05
LORETO,REQUENA,MAQUIA,160505,16,02,05
LORETO,REQUENA,PUINAHUA,160506,16,01,05
LORETO,REQUENA,SAQUENA,160507,16,03,05
LORETO,REQUENA,SOPLIN,160508,16,07,05
LORETO,REQUENA,TAPICHE,160509,16,06,06
LORETO,REQUENA,JENARO HERRERA,160510,16,07,06
LORETO,REQUENA,YAQUERANA,160511,16,01,06
LORETO,UCAYALI,CONTAMANA,160601,16,02,06
LORETO,UCAYALI,INAHUAYA,160602,16,05,06
LORETO,UCAYALI,PADRE MARQUEZ,160603,16,01,07
LORETO,UCAYALI,PAMPA HERMOSA,160604,16,05,07
LORETO,UCAYALI,SARAYACU,160605,16,01,08
LORETO,UCAYALI,VARGAS GUERRA,160606,16,05,08
LORETO,DATEM DEL MARAÑON,BARRANCA,160701,16,05,09
LORETO,DATEM DEL MARAÑON,CAHUAPANAS,160702,16,01,09
LORETO,DATEM DEL MARAÑON,MANSERICHE,160703,16,05,10
LORETO,DATEM DEL MARAÑON,MORONA,160704,16,01,10
LORETO,DATEM DEL MARAÑON,PASTAZA,160705,16,02,10
LORETO,DATEM DEL MARAÑON,ANDOAS,160706,16,05,11
LORETO,PUTUMAYO,PUTUMAYO,160801,16,02,11
LORETO,PUTUMAYO,ROSA PANDURO,160802,16,01,12
LORETO,PUTUMAYO,TENIENTE MANUEL CLAVERO,160803,16,01,13
LORETO,PUTUMAYO,YAGUAS,160804,16,01,14
MADRE DE DIOS,TAMBOPATA,TAMBOPATA,170101,17,02,01
MADRE DE DIOS,TAMBOPATA,INAMBARI,170102,17,01,01
MADRE DE DIOS,TAMBOPATA,LAS PIEDRAS,170103,17,03,01
MADRE DE DIOS,TAMBOPATA,LABERINTO,170104,17,01,02
MADRE DE DIOS,MANU,MANU,170201,17,03,02
MADRE DE DIOS,MANU,FITZCARRALD,170202,17,02,02
MADRE DE DIOS,MANU,MADRE DE DIOS,170203,17,03,03
MADRE DE DIOS,MANU,HUEPETUHE,170204,17,01,03
MADRE DE DIOS,TAHUAMANU,IÑAPARI,170301,17,02,03
MADRE DE DIOS,TAHUAMANU,IBERIA,170302,17,02,04
MADRE DE DIOS,TAHUAMANU,TAHUAMANU,170303,17,01,04
MOQUEGUA,MARISCAL NIETO,MOQUEGUA,180101,18,02,01
MOQUEGUA,MARISCAL NIETO,CARUMAS,180102,18,01,01
MOQUEGUA,MARISCAL NIETO,CUCHUMBAYA,180103,18,03,01
MOQUEGUA,MARISCAL NIETO,SAMEGUA,180104,18,03,02
MOQUEGUA,MARISCAL NIETO,SAN CRISTOBAL,180105,18,02,02
MOQUEGUA,MARISCAL NIETO,TORATA,180106,18,01,02
MOQUEGUA,GENERAL SANCHEZ CERRO,OMATE,180201,18,02,03
MOQUEGUA,GENERAL SANCHEZ CERRO,CHOJATA,180202,18,03,03
MOQUEGUA,GENERAL SANCHEZ CERRO,COALAQUE,180203,18,01,03
MOQUEGUA,GENERAL SANCHEZ CERRO,ICHUÑA,180204,18,02,04
MOQUEGUA,GENERAL SANCHEZ CERRO,LA CAPILLA,180205,18,01,04
MOQUEGUA,GENERAL SANCHEZ CERRO,LLOQUE,180206,18,01,05
MOQUEGUA,GENERAL SANCHEZ CERRO,MATALAQUE,180207,18,02,05
MOQUEGUA,GENERAL SANCHEZ CERRO,PUQUINA,180208,18,01,06
MOQUEGUA,GENERAL SANCHEZ CERRO,QUINISTAQUILLAS,180209,18,02,06
MOQUEGUA,GENERAL SANCHEZ CERRO,UBINAS,180210,18,02,07
MOQUEGUA,GENERAL SANCHEZ CERRO,YUNGA,180211,18,02,08
MOQUEGUA,ILO,ILO,180301,18,02,09
MOQUEGUA,ILO,EL ALGARROBAL,180302,18,02,10
MOQUEGUA,ILO,PACOCHA,180303,18,02,11
PASCO,PASCO,CHAUPIMARCA,190101,19,03,01
PASCO,PASCO,HUACHON,190102,19,02,01
PASCO,PASCO,HUARIACA,190103,19,01,01
PASCO,PASCO,HUAYLLAY,190104,19,03,02
PASCO,PASCO,NINACACA,190105,19,01,02
PASCO,PASCO,PALLANCHACRA,190106,19,02,02
PASCO,PASCO,PAUCARTAMBO,190107,19,02,03
PASCO,PASCO,SAN FRANCISCO DE ASIS DE YARUSYACAN,190108,19,03,03
PASCO,PASCO,SIMON BOLIVAR,190109,19,01,03
PASCO,PASCO,TICLACAYAN,190110,19,03,04
PASCO,PASCO,TINYAHUARCO,190111,19,01,04
PASCO,PASCO,VICCO,190112,19,02,04
PASCO,PASCO,YANACANCHA,190113,19,02,05
PASCO,DANIEL ALCIDES CARRION,YANAHUANCA,190201,19,03,05
PASCO,DANIEL ALCIDES CARRION,CHACAYAN,190202,19,01,05
PASCO,DANIEL ALCIDES CARRION,GOYLLARISQUIZGA,190203,19,03,06
PASCO,DANIEL ALCIDES CARRION,PAUCAR,190204,19,02,06
PASCO,DANIEL ALCIDES CARRION,SAN PEDRO DE PILLAO,190205,19,01,06
PASCO,DANIEL ALCIDES CARRION,SANTA ANA DE TUSI,190206,19,02,07
PASCO,DANIEL ALCIDES CARRION,TAPUC,190207,19,01,07
PASCO,DANIEL ALCIDES CARRION,VILCABAMBA,190208,19,03,07
PASCO,OXAPAMPA,OXAPAMPA,190301,19,02,08
PASCO,OXAPAMPA,CHONTABAMBA,190302,19,03,08
PASCO,OXAPAMPA,HUANCABAMBA,190303,19,01,08
PASCO,OXAPAMPA,PALCAZU,190304,19,01,09
PASCO,OXAPAMPA,POZUZO,190305,19,01,10
PASCO,OXAPAMPA,PUERTO BERMUDEZ,190306,19,01,11
PASCO,OXAPAMPA,VILLA RICA,190307,19,01,12
PASCO,OXAPAMPA,CONSTITUCION,190308,19,01,13
PIURA,PIURA,PIURA,200101,20,08,01
PIURA,PIURA,CASTILLA,200104,20,07,01
PIURA,PIURA,CATACAOS,200105,20,06,01
PIURA,PIURA,CURA MORI,200107,20,03,01
PIURA,PIURA,EL TALLAN,200108,20,05,01
PIURA,PIURA,LA ARENA,200109,20,01,01
PIURA,PIURA,LA UNION,200110,20,02,01
PIURA,PIURA,LAS LOMAS,200111,20,04,01
PIURA,PIURA,TAMBO GRANDE,200114,20,02,02
PIURA,PIURA,26 DE OCTUBRE,200115,20,06,02
PIURA,AYABACA,AYABACA,200201,20,05,02
PIURA,AYABACA,FRIAS,200202,20,04,02
PIURA,AYABACA,JILILI,200203,20,08,02
PIURA,AYABACA,LAGUNAS,200204,20,03,02
PIURA,AYABACA,MONTERO,200205,20,07,02
PIURA,AYABACA,PACAIPAMPA,200206,20,05,03
PIURA,AYABACA,PAIMAS,200207,20,08,03
PIURA,AYABACA,SAPILLICA,200208,20,02,03
PIURA,AYABACA,SICCHEZ,200209,20,03,03
PIURA,AYABACA,SUYO,200210,20,06,03
PIURA,HUANCABAMBA,HUANCABAMBA,200301,20,04,03
PIURA,HUANCABAMBA,CANCHAQUE,200302,20,07,03
PIURA,HUANCABAMBA,EL CARMEN DE LA FRONTERA,200303,20,08,04
PIURA,HUANCABAMBA,HUARMACA,200304,20,07,04
PIURA,HUANCABAMBA,LALAQUIZ,200305,20,04,04
PIURA,HUANCABAMBA,SAN MIGUEL DE EL FAIQUE,200306,20,02,04
PIURA,HUANCABAMBA,SONDOR,200307,20,06,04
PIURA,HUANCABAMBA,SONDORILLO,200308,20,01,04
PIURA,MORROPON,CHULUCANAS,200401,20,03,04
PIURA,MORROPON,BUENOS AIRES,200402,20,05,04
PIURA,MORROPON,CHALACO,200403,20,02,05
PIURA,MORROPON,LA MATANZA,200404,20,08,05
PIURA,MORROPON,MORROPON,200405,20,01,05
PIURA,MORROPON,SALITRAL,200406,20,04,05
PIURA,MORROPON,SAN JUAN DE BIGOTE,200407,20,05,05
PIURA,MORROPON,SANTA CATALINA DE MOSSA,200408,20,03,05
PIURA,MORROPON,SANTO DOMINGO,200409,20,07,05
PIURA,MORROPON,YAMANGO,200410,20,06,05
PIURA,PAITA,PAITA,200501,20,08,06
PIURA,PAITA,AMOTAPE,200502,20,07,06
PIURA,PAITA,ARENAL,200503,20,04,06
PIURA,PAITA,COLAN,200504,20,03,06
PIURA,PAITA,LA HUACA,200505,20,02,06
PIURA,PAITA,TAMARINDO,200506,20,06,06
PIURA,PAITA,VICHAYAL,200507,20,05,06
PIURA,SULLANA,SULLANA,200601,20,02,07
PIURA,SULLANA,BELLAVISTA,200602,20,03,07
PIURA,SULLANA,IGNACIO ESCUDERO,200603,20,04,07
PIURA,SULLANA,LANCONES,200604,20,06,07
PIURA,SULLANA,MARCAVELICA,200605,20,05,07
PIURA,SULLANA,MIGUEL CHECA,200606,20,01,07
PIURA,SULLANA,QUERECOTILLO,200607,20,02,08
PIURA,SULLANA,SALITRAL,200608,20,01,08
PIURA,TALARA,PARIÑAS,200701,20,06,08
PIURA,TALARA,EL ALTO,200702,20,04,08
PIURA,TALARA,LA BREA,200703,20,03,08
PIURA,TALARA,LOBITOS,200704,20,01,09
PIURA,TALARA,LOS ORGANOS,200705,20,04,09
PIURA,TALARA,MANCORA,200706,20,02,09
PIURA,SECHURA,SECHURA,200801,20,04,10
PIURA,SECHURA,BELLAVISTA DE LA UNION,200802,20,01,10
PIURA,SECHURA,BERNAL,200803,20,02,10
PIURA,SECHURA,CRISTO NOS VALGA,200804,20,01,11
PIURA,SECHURA,VICE,200805,20,01,14
PIURA,SECHURA,RINCONADA LLICUAR,200806,20,01,15
PUNO,PUNO,PUNO,210101,21,06,01
PUNO,PUNO,ACORA,210102,21,13,01
PUNO,PUNO,AMANTANI,210103,21,08,01
PUNO,PUNO,ATUNCOLLA,210104,21,07,01
PUNO,PUNO,CAPACHICA,210105,21,12,01
PUNO,PUNO,CHUCUITO,210106,21,09,01
PUNO,PUNO,COATA,210107,21,02,01
PUNO,PUNO,HUATA,210108,21,11,01
PUNO,PUNO,MAÑAZO,210109,21,10,01
PUNO,PUNO,PAUCARCOLLA,210110,21,03,01
PUNO,PUNO,PICHACANI,210111,21,05,01
PUNO,PUNO,PLATERIA,210112,21,01,01
PUNO,PUNO,SAN ANTONIO  /1,210113,21,04,01
PUNO,PUNO,TIQUILLACA,210114,21,07,02
PUNO,PUNO,VILQUE,210115,21,09,02
PUNO,AZANGARO,AZANGARO,210201,21,04,02
PUNO,AZANGARO,ACHAYA,210202,21,10,02
PUNO,AZANGARO,ARAPA,210203,21,12,02
PUNO,AZANGARO,ASILLO,210204,21,13,02
PUNO,AZANGARO,CAMINACA,210205,21,01,02
PUNO,AZANGARO,CHUPA,210206,21,11,02
PUNO,AZANGARO,JOSE DOMINGO CHOQUEHUANCA,210207,21,06,02
PUNO,AZANGARO,MUÑANI,210208,21,08,02
PUNO,AZANGARO,POTONI,210209,21,05,02
PUNO,AZANGARO,SAMAN,210210,21,02,02
PUNO,AZANGARO,SAN ANTON,210211,21,03,02
PUNO,AZANGARO,SAN JOSE,210212,21,09,03
PUNO,AZANGARO,SAN JUAN DE SALINAS,210213,21,12,03
PUNO,AZANGARO,SANTIAGO DE PUPUJA,210214,21,06,03
PUNO,AZANGARO,TIRAPATA,210215,21,05,03
PUNO,CARABAYA,MACUSANI,210301,21,04,03
PUNO,CARABAYA,AJOYANI,210302,21,02,03
PUNO,CARABAYA,AYAPATA,210303,21,01,03
PUNO,CARABAYA,COASA,210304,21,11,03
PUNO,CARABAYA,CORANI,210305,21,10,03
PUNO,CARABAYA,CRUCERO,210306,21,03,03
PUNO,CARABAYA,ITUATA   2/,210307,21,13,03
PUNO,CARABAYA,OLLACHEA,210308,21,07,03
PUNO,CARABAYA,SAN GABAN,210309,21,08,03
PUNO,CARABAYA,USICAYOS,210310,21,12,04
PUNO,CHUCUITO,JULI,210401,21,05,04
PUNO,CHUCUITO,DESAGUADERO,210402,21,13,04
PUNO,CHUCUITO,HUACULLANI,210403,21,02,04
PUNO,CHUCUITO,KELLUYO,210404,21,07,04
PUNO,CHUCUITO,PISACOMA,210405,21,06,04
PUNO,CHUCUITO,POMATA,210406,21,08,04
PUNO,CHUCUITO,ZEPITA,210407,21,10,04
PUNO,EL COLLAO,ILAVE,210501,21,09,04
PUNO,EL COLLAO,CAPAZO,210502,21,11,04
PUNO,EL COLLAO,PILCUYO,210503,21,04,04
PUNO,EL COLLAO,SANTA ROSA,210504,21,01,04
PUNO,EL COLLAO,CONDURIRI,210505,21,03,04
PUNO,HUANCANE,HUANCANE,210601,21,12,05
PUNO,HUANCANE,COJATA,210602,21,10,05
PUNO,HUANCANE,HUATASANI,210603,21,02,05
PUNO,HUANCANE,INCHUPALLA,210604,21,01,05
PUNO,HUANCANE,PUSI,210605,21,06,05
PUNO,HUANCANE,ROSASPATA,210606,21,04,05
PUNO,HUANCANE,TARACO,210607,21,05,05
PUNO,HUANCANE,VILQUE CHICO,210608,21,08,05
PUNO,LAMPA,LAMPA,210701,21,07,05
PUNO,LAMPA,CABANILLA,210702,21,13,05
PUNO,LAMPA,CALAPUJA,210703,21,03,05
PUNO,LAMPA,NICASIO,210704,21,12,06
PUNO,LAMPA,OCUVIRI,210705,21,07,06
PUNO,LAMPA,PALCA,210706,21,04,06
PUNO,LAMPA,PARATIA,210707,21,02,06
PUNO,LAMPA,PUCARA,210708,21,01,06
PUNO,LAMPA,SANTA LUCIA,210709,21,06,06
PUNO,LAMPA,VILAVILA,210710,21,13,06
PUNO,MELGAR,AYAVIRI,210801,21,08,06
PUNO,MELGAR,ANTAUTA,210802,21,03,06
PUNO,MELGAR,CUPI,210803,21,08,07
PUNO,MELGAR,LLALLI,210804,21,06,07
PUNO,MELGAR,MACARI,210805,21,01,07
PUNO,MELGAR,NUÑOA,210806,21,04,07
PUNO,MELGAR,ORURILLO,210807,21,07,07
PUNO,MELGAR,SANTA ROSA,210808,21,12,07
PUNO,MELGAR,UMACHIRI,210809,21,03,07
PUNO,MOHO,MOHO,210901,21,02,07
PUNO,MOHO,CONIMA,210902,21,13,07
PUNO,MOHO,HUAYRAPATA,210903,21,01,08
PUNO,MOHO,TILALI,210904,21,02,08
PUNO,SAN ANTONIO DE PUTINA,PUTINA,211001,21,12,08
PUNO,SAN ANTONIO DE PUTINA,ANANEA,211002,21,03,08
PUNO,SAN ANTONIO DE PUTINA,PEDRO VILCA APAZA,211003,21,07,08
PUNO,SAN ANTONIO DE PUTINA,QUILCAPUNCU,211004,21,06,08
PUNO,SAN ANTONIO DE PUTINA,SINA,211005,21,08,08
PUNO,SAN ROMAN,JULIACA,211101,21,12,09
PUNO,SAN ROMAN,CABANA,211102,21,01,09
PUNO,SAN ROMAN,CABANILLAS,211103,21,07,09
PUNO,SAN ROMAN,CARACOTO,211104,21,02,09
PUNO,SANDIA,SANDIA,211201,21,03,09
PUNO,SANDIA,CUYOCUYO,211202,21,08,09
PUNO,SANDIA,LIMBANI,211203,21,07,10
PUNO,SANDIA,PATAMBUCO,211204,21,12,10
PUNO,SANDIA,PHARA,211205,21,01,10
PUNO,SANDIA,QUIACA,211206,21,02,10
PUNO,SANDIA,SAN JUAN DEL ORO,211207,21,03,10
PUNO,SANDIA,YANAHUAYA,211208,21,02,11
PUNO,SANDIA,ALTO INAMBARI,211209,21,01,11
PUNO,SANDIA,SAN PEDRO DE PUTINA PUNCO,211210,21,01,12
PUNO,YUNGUYO,YUNGUYO,211301,21,02,12
PUNO,YUNGUYO,ANAPIA,211302,21,02,13
PUNO,YUNGUYO,COPANI,211303,21,01,13
PUNO,YUNGUYO,CUTURAPI,211304,21,01,14
PUNO,YUNGUYO,OLLARAYA,211305,21,02,14
PUNO,YUNGUYO,TINICACHI,211306,21,01,15
PUNO,YUNGUYO,UNICACHI,211307,21,02,15
SAN MARTIN,MOYOBAMBA,MOYOBAMBA,220101,22,07,01
SAN MARTIN,MOYOBAMBA,CALZADA,220102,22,06,01
SAN MARTIN,MOYOBAMBA,HABANA,220103,22,10,01
SAN MARTIN,MOYOBAMBA,JEPELACIO,220104,22,05,01
SAN MARTIN,MOYOBAMBA,SORITOR,220105,22,01,01
SAN MARTIN,MOYOBAMBA,YANTALO,220106,22,09,01
SAN MARTIN,BELLAVISTA,BELLAVISTA,220201,22,03,01
SAN MARTIN,BELLAVISTA,ALTO BIAVO,220202,22,08,01
SAN MARTIN,BELLAVISTA,BAJO BIAVO,220203,22,02,01
SAN MARTIN,BELLAVISTA,HUALLAGA,220204,22,04,01
SAN MARTIN,BELLAVISTA,SAN PABLO,220205,22,04,02
SAN MARTIN,BELLAVISTA,SAN RAFAEL,220206,22,05,02
SAN MARTIN,EL DORADO,SAN JOSE DE SISA,220301,22,03,02
SAN MARTIN,EL DORADO,AGUA BLANCA,220302,22,08,02
SAN MARTIN,EL DORADO,SAN MARTIN,220303,22,10,02
SAN MARTIN,EL DORADO,SANTA ROSA,220304,22,02,02
SAN MARTIN,EL DORADO,SHATOJA,220305,22,07,02
SAN MARTIN,HUALLAGA,SAPOSOA,220401,22,06,02
SAN MARTIN,HUALLAGA,ALTO SAPOSOA,220402,22,09,02
SAN MARTIN,HUALLAGA,EL ESLABON,220403,22,01,02
SAN MARTIN,HUALLAGA,PISCOYACU,220404,22,10,03
SAN MARTIN,HUALLAGA,SACANCHE,220405,22,04,03
SAN MARTIN,HUALLAGA,TINGO DE SAPOSOA,220406,22,09,03
SAN MARTIN,LAMAS,LAMAS,220501,22,02,03
SAN MARTIN,LAMAS,ALONSO DE ALVARADO,220502,22,06,03
SAN MARTIN,LAMAS,BARRANQUITA,220503,22,07,03
SAN MARTIN,LAMAS,CAYNARACHI   1/,220504,22,08,03
SAN MARTIN,LAMAS,CUÑUMBUQUI,220505,22,01,03
SAN MARTIN,LAMAS,PINTO RECODO,220506,22,05,03
SAN MARTIN,LAMAS,RUMISAPA,220507,22,03,03
SAN MARTIN,LAMAS,SAN ROQUE DE CUMBAZA,220508,22,10,04
SAN MARTIN,LAMAS,SHANAO,220509,22,02,04
SAN MARTIN,LAMAS,TABALOSOS,220510,22,08,04
SAN MARTIN,LAMAS,ZAPATERO,220511,22,09,04
SAN MARTIN,MARISCAL CACERES,JUANJUI,220601,22,01,04
SAN MARTIN,MARISCAL CACERES,CAMPANILLA,220602,22,07,04
SAN MARTIN,MARISCAL CACERES,HUICUNGO,220603,22,06,04
SAN MARTIN,MARISCAL CACERES,PACHIZA,220604,22,03,04
SAN MARTIN,MARISCAL CACERES,PAJARILLO,220605,22,04,04
SAN MARTIN,PICOTA,PICOTA,220701,22,05,04
SAN MARTIN,PICOTA,BUENOS AIRES,220702,22,01,05
SAN MARTIN,PICOTA,CASPISAPA,220703,22,05,05
SAN MARTIN,PICOTA,PILLUANA,220704,22,04,05
SAN MARTIN,PICOTA,PUCACACA,220705,22,02,05
SAN MARTIN,PICOTA,SAN CRISTOBAL,220706,22,09,05
SAN MARTIN,PICOTA,SAN HILARION,220707,22,06,05
SAN MARTIN,PICOTA,SHAMBOYACU,220708,22,10,05
SAN MARTIN,PICOTA,TINGO DE PONASA,220709,22,07,05
SAN MARTIN,PICOTA,TRES UNIDOS,220710,22,08,05
SAN MARTIN,RIOJA,RIOJA,220801,22,03,05
SAN MARTIN,RIOJA,AWAJUN,220802,22,01,06
SAN MARTIN,RIOJA,ELIAS SOPLIN VARGAS,220803,22,04,06
SAN MARTIN,RIOJA,NUEVA CAJAMARCA,220804,22,08,06
SAN MARTIN,RIOJA,PARDO MIGUEL,220805,22,07,06
SAN MARTIN,RIOJA,POSIC,220806,22,09,06
SAN MARTIN,RIOJA,SAN FERNANDO,220807,22,02,06
SAN MARTIN,RIOJA,YORONGOS,220808,22,05,06
SAN MARTIN,RIOJA,YURACYACU,220809,22,09,07
SAN MARTIN,SAN MARTIN,TARAPOTO,220901,22,08,07
SAN MARTIN,SAN MARTIN,ALBERTO LEVEAU,220902,22,07,07
SAN MARTIN,SAN MARTIN,CACATACHI,220903,22,05,07
SAN MARTIN,SAN MARTIN,CHAZUTA,220904,22,09,08
SAN MARTIN,SAN MARTIN,CHIPURANA,220905,22,08,08
SAN MARTIN,SAN MARTIN,EL PORVENIR,220906,22,05,08
SAN MARTIN,SAN MARTIN,HUIMBAYOC,220907,22,07,08
SAN MARTIN,SAN MARTIN,JUAN GUERRA,220908,22,09,09
SAN MARTIN,SAN MARTIN,LA BANDA DE SHILCAYO,220909,22,05,09
SAN MARTIN,SAN MARTIN,MORALES,220910,22,07,09
SAN MARTIN,SAN MARTIN,PAPAPLAYA,220911,22,08,09
SAN MARTIN,SAN MARTIN,SAN ANTONIO,220912,22,09,10
SAN MARTIN,SAN MARTIN,SAUCE,220913,22,05,10
SAN MARTIN,SAN MARTIN,SHAPAJA,220914,22,07,10
SAN MARTIN,TOCACHE,TOCACHE,221001,22,09,11
SAN MARTIN,TOCACHE,NUEVO PROGRESO,221002,22,05,11
SAN MARTIN,TOCACHE,POLVORA,221003,22,09,12
SAN MARTIN,TOCACHE,SHUNTE  2/,221004,22,09,13
SAN MARTIN,TOCACHE,UCHIZA,221005,22,09,14
TACNA,TACNA,TACNA,230101,23,02,01
TACNA,TACNA,ALTO DE LA ALIANZA,230102,23,04,01
TACNA,TACNA,CALANA,230103,23,01,01
TACNA,TACNA,CIUDAD NUEVA,230104,23,03,01
TACNA,TACNA,INCLAN,230105,23,04,02
TACNA,TACNA,PACHIA,230106,23,02,02
TACNA,TACNA,PALCA,230107,23,01,02
TACNA,TACNA,POCOLLAY,230108,23,03,02
TACNA,TACNA,SAMA,230109,23,02,03
TACNA,TACNA,CORONEL GREGORIO ALBARRACIN LANCHIPA,230110,23,04,03
TACNA,TACNA,LA YARADA LOS PALOS,230111,23,01,03
TACNA,CANDARAVE,CANDARAVE,230201,23,03,03
TACNA,CANDARAVE,CAIRANI,230202,23,02,04
TACNA,CANDARAVE,CAMILACA,230203,23,01,04
TACNA,CANDARAVE,CURIBAYA,230204,23,04,04
TACNA,CANDARAVE,HUANUARA,230205,23,01,05
TACNA,CANDARAVE,QUILAHUANI,230206,23,02,05
TACNA,JORGE BASADRE,LOCUMBA,230301,23,04,05
TACNA,JORGE BASADRE,ILABAYA,230302,23,01,06
TACNA,JORGE BASADRE,ITE,230303,23,02,06
TACNA,TARATA,TARATA,230401,23,04,06
TACNA,TARATA,HEROES ALBARRACIN,230402,23,04,07
TACNA,TARATA,ESTIQUE,230403,23,01,07
TACNA,TARATA,ESTIQUE-PAMPA,230404,23,01,08
TACNA,TARATA,SITAJARA,230405,23,04,08
TACNA,TARATA,SUSAPAYA,230406,23,01,09
TACNA,TARATA,TARUCACHI,230407,23,01,10
TACNA,TARATA,TICACO,230408,23,01,11
TUMBES,TUMBES,TUMBES,240101,24,01,01
TUMBES,TUMBES,CORRALES,240102,24,02,01
TUMBES,TUMBES,LA CRUZ,240103,24,03,01
TUMBES,TUMBES,PAMPAS DE HOSPITAL,240104,24,02,02
TUMBES,TUMBES,SAN JACINTO,240105,24,03,02
TUMBES,TUMBES,SAN JUAN DE LA VIRGEN,240106,24,01,02
TUMBES,CONTRALMIRANTE VILLAR,ZORRITOS,240201,24,02,03
TUMBES,CONTRALMIRANTE VILLAR,CASITAS,240202,24,03,03
TUMBES,CONTRALMIRANTE VILLAR,CANOAS DE PUNTA SAL,240203,24,01,03
TUMBES,ZARUMILLA,ZARUMILLA,240301,24,01,04
TUMBES,ZARUMILLA,AGUAS VERDES,240302,24,03,04
TUMBES,ZARUMILLA,MATAPALO,240303,24,01,05
TUMBES,ZARUMILLA,PAPAYAL,240304,24,01,06
UCAYALI,CORONEL PORTILLO,CALLERIA,250101,25,04,01
UCAYALI,CORONEL PORTILLO,CAMPOVERDE,250102,25,01,01
UCAYALI,CORONEL PORTILLO,IPARIA,250103,25,03,01
UCAYALI,CORONEL PORTILLO,MASISEA,250104,25,02,01
UCAYALI,CORONEL PORTILLO,YARINACOCHA,250105,25,02,02
UCAYALI,CORONEL PORTILLO,NUEVA REQUENA,250106,25,01,02
UCAYALI,CORONEL PORTILLO,MANANTAY,250107,25,03,02
UCAYALI,ATALAYA,RAYMONDI,250201,25,03,03
UCAYALI,ATALAYA,SEPAHUA,250202,25,01,03
UCAYALI,ATALAYA,TAHUANIA,250203,25,02,03
UCAYALI,ATALAYA,YURUA,250204,25,02,04
UCAYALI,PADRE ABAD,PADRE ABAD,250301,25,03,04
UCAYALI,PADRE ABAD,IRAZOLA,250302,25,01,04
UCAYALI,PADRE ABAD,CURIMANA,250303,25,01,05
UCAYALI,PADRE ABAD,NESHUYA,250304,25,03,05
UCAYALI,PADRE ABAD,ALEXANDER VON HUMBOLDT,250305,25,01,06
UCAYALI,PURUS,PURUS,250401,25,01,07
